Asset_Code,Date,Price
AC.PA,2021-04-08,33.18000030517578
AC.PA,2021-04-09,33.040000915527344
AC.PA,2021-04-10,32.890000661214195
AC.PA,2021-04-11,32.74000040690104
AC.PA,2021-04-12,32.59000015258789
AC.PA,2021-04-13,32.84000015258789
AC.PA,2021-04-14,33.849998474121094
AC.PA,2021-04-15,33.91999816894531
AC.PA,2021-04-16,33.959999084472656
AC.PA,2021-04-17,33.96333312988281
AC.PA,2021-04-18,33.96666717529297
AC.PA,2021-04-19,33.970001220703125
AC.PA,2021-04-20,33.150001525878906
AC.PA,2021-04-21,33.5
AC.PA,2021-04-22,33.41999816894531
AC.PA,2021-04-23,33.65999984741211
AC.PA,2021-04-24,33.91999944051107
AC.PA,2021-04-25,34.179999033610024
AC.PA,2021-04-26,34.439998626708984
AC.PA,2021-04-27,34.470001220703125
AC.PA,2021-04-28,34.7599983215332
AC.PA,2021-04-29,34.290000915527344
AC.PA,2021-04-30,33.470001220703125
AC.PA,2021-05-01,33.52666727701823
AC.PA,2021-05-02,33.583333333333336
AC.PA,2021-05-03,33.63999938964844
AC.PA,2021-05-04,33.5
AC.PA,2021-05-05,33.54999923706055
AC.PA,2021-05-06,33.15999984741211
AC.PA,2021-05-07,33.470001220703125
AC.PA,2021-05-08,33.36000061035156
AC.PA,2021-05-09,33.25
AC.PA,2021-05-10,33.13999938964844
AC.PA,2021-05-11,32.11000061035156
AC.PA,2021-05-12,31.65999984741211
AC.PA,2021-05-13,31.489999771118164
AC.PA,2021-05-14,32.36000061035156
AC.PA,2021-05-15,32.17000071207682
AC.PA,2021-05-16,31.98000081380208
AC.PA,2021-05-17,31.790000915527344
AC.PA,2021-05-18,32.130001068115234
AC.PA,2021-05-19,31.520000457763672
AC.PA,2021-05-20,31.32999992370605
AC.PA,2021-05-21,31.6299991607666
AC.PA,2021-05-22,31.7533327738444
AC.PA,2021-05-23,31.8766663869222
AC.PA,2021-05-24,32.0
AC.PA,2021-05-25,32.22999954223633
AC.PA,2021-05-26,32.349998474121094
AC.PA,2021-05-27,32.40999984741211
AC.PA,2021-05-28,32.720001220703125
AC.PA,2021-05-29,32.76666768391927
AC.PA,2021-05-30,32.813334147135414
AC.PA,2021-05-31,32.86000061035156
AC.PA,2021-06-01,34.11000061035156
AC.PA,2021-06-02,34.33000183105469
AC.PA,2021-06-03,33.90999984741211
AC.PA,2021-06-04,34.0099983215332
AC.PA,2021-06-05,33.98333231608073
AC.PA,2021-06-06,33.95666631062826
AC.PA,2021-06-07,33.93000030517578
AC.PA,2021-06-08,34.959999084472656
AC.PA,2021-06-09,35.369998931884766
AC.PA,2021-06-10,34.41999816894531
AC.PA,2021-06-11,34.939998626708984
AC.PA,2021-06-12,34.85333251953125
AC.PA,2021-06-13,34.76666641235352
AC.PA,2021-06-14,34.68000030517578
AC.PA,2021-06-15,34.540000915527344
AC.PA,2021-06-16,34.77000045776367
AC.PA,2021-06-17,35.310001373291016
AC.PA,2021-06-18,34.029998779296875
AC.PA,2021-06-19,33.859999338785805
AC.PA,2021-06-20,33.68999989827474
AC.PA,2021-06-21,33.52000045776367
AC.PA,2021-06-22,33.63999938964844
AC.PA,2021-06-23,32.72999954223633
AC.PA,2021-06-24,32.93000030517578
AC.PA,2021-06-25,32.279998779296875
AC.PA,2021-06-26,31.936665852864586
AC.PA,2021-06-27,31.593332926432293
AC.PA,2021-06-28,31.25
AC.PA,2021-06-29,31.1299991607666
AC.PA,2021-06-30,31.489999771118164
AC.PA,2021-07-01,31.700000762939453
AC.PA,2021-07-02,31.65999984741211
AC.PA,2021-07-03,31.856666564941406
AC.PA,2021-07-04,32.0533332824707
AC.PA,2021-07-05,32.25
AC.PA,2021-07-06,32.09000015258789
AC.PA,2021-07-07,31.549999237060547
AC.PA,2021-07-08,31.14999961853028
AC.PA,2021-07-09,31.40999984741211
AC.PA,2021-07-10,31.176666259765625
AC.PA,2021-07-11,30.94333267211914
AC.PA,2021-07-12,30.709999084472656
AC.PA,2021-07-13,30.059999465942383
AC.PA,2021-07-14,29.93000030517578
AC.PA,2021-07-15,29.540000915527344
AC.PA,2021-07-16,30.01000022888184
AC.PA,2021-07-17,29.6433334350586
AC.PA,2021-07-18,29.27666664123535
AC.PA,2021-07-19,28.90999984741211
AC.PA,2021-07-20,29.14999961853028
AC.PA,2021-07-21,30.06999969482422
AC.PA,2021-07-22,29.84000015258789
AC.PA,2021-07-23,29.88999938964844
AC.PA,2021-07-24,29.989999771118168
AC.PA,2021-07-25,30.09000015258789
AC.PA,2021-07-26,30.190000534057617
AC.PA,2021-07-27,29.950000762939453
AC.PA,2021-07-28,30.440000534057617
AC.PA,2021-07-29,30.049999237060547
AC.PA,2021-07-30,29.86000061035156
AC.PA,2021-07-31,29.813333511352536
AC.PA,2021-08-01,29.766666412353512
AC.PA,2021-08-02,29.71999931335449
AC.PA,2021-08-03,29.0
AC.PA,2021-08-04,28.5
AC.PA,2021-08-05,29.25
AC.PA,2021-08-06,29.1200008392334
AC.PA,2021-08-07,29.040000279744465
AC.PA,2021-08-08,28.95999972025553
AC.PA,2021-08-09,28.8799991607666
AC.PA,2021-08-10,28.64999961853028
AC.PA,2021-08-11,28.780000686645508
AC.PA,2021-08-12,28.84000015258789
AC.PA,2021-08-13,28.950000762939453
AC.PA,2021-08-14,28.813334147135414
AC.PA,2021-08-15,28.67666753133138
AC.PA,2021-08-16,28.540000915527344
AC.PA,2021-08-17,28.21999931335449
AC.PA,2021-08-18,28.420000076293945
AC.PA,2021-08-19,28.1299991607666
AC.PA,2021-08-20,28.040000915527344
AC.PA,2021-08-21,28.17666753133138
AC.PA,2021-08-22,28.313334147135414
AC.PA,2021-08-23,28.450000762939453
AC.PA,2021-08-24,29.420000076293945
AC.PA,2021-08-25,29.559999465942383
AC.PA,2021-08-26,29.059999465942383
AC.PA,2021-08-27,29.100000381469727
AC.PA,2021-08-28,29.016667048136394
AC.PA,2021-08-29,28.93333371480306
AC.PA,2021-08-30,28.850000381469727
AC.PA,2021-08-31,29.15999984741211
AC.PA,2021-09-01,29.540000915527344
AC.PA,2021-09-02,29.46999931335449
AC.PA,2021-09-03,28.670000076293945
AC.PA,2021-09-04,28.546666463216145
AC.PA,2021-09-05,28.423332850138348
AC.PA,2021-09-06,28.299999237060547
AC.PA,2021-09-07,28.39999961853028
AC.PA,2021-09-08,28.540000915527344
AC.PA,2021-09-09,28.790000915527344
AC.PA,2021-09-10,28.34000015258789
AC.PA,2021-09-11,28.45000012715657
AC.PA,2021-09-12,28.56000010172526
AC.PA,2021-09-13,28.670000076293945
AC.PA,2021-09-14,28.71999931335449
AC.PA,2021-09-15,28.01000022888184
AC.PA,2021-09-16,28.36000061035156
AC.PA,2021-09-17,28.51000022888184
AC.PA,2021-09-18,28.57999992370605
AC.PA,2021-09-19,28.649999618530277
AC.PA,2021-09-20,28.71999931335449
AC.PA,2021-09-21,28.93000030517578
AC.PA,2021-09-22,29.38999938964844
AC.PA,2021-09-23,29.71999931335449
AC.PA,2021-09-24,30.46999931335449
AC.PA,2021-09-25,30.99666595458984
AC.PA,2021-09-26,31.523332595825195
AC.PA,2021-09-27,32.04999923706055
AC.PA,2021-09-28,31.700000762939453
AC.PA,2021-09-29,31.850000381469727
AC.PA,2021-09-30,30.950000762939453
AC.PA,2021-10-01,31.8700008392334
AC.PA,2021-10-02,31.71666717529297
AC.PA,2021-10-03,31.56333351135254
AC.PA,2021-10-04,31.40999984741211
AC.PA,2021-10-05,30.940000534057617
AC.PA,2021-10-06,30.450000762939453
AC.PA,2021-10-07,30.979999542236328
AC.PA,2021-10-08,31.59000015258789
AC.PA,2021-10-09,31.549999872843426
AC.PA,2021-10-10,31.50999959309896
AC.PA,2021-10-11,31.46999931335449
AC.PA,2021-10-12,30.88999938964844
AC.PA,2021-10-13,30.950000762939453
AC.PA,2021-10-14,31.209999084472656
AC.PA,2021-10-15,32.0099983215332
AC.PA,2021-10-16,31.69999885559082
AC.PA,2021-10-17,31.389999389648438
AC.PA,2021-10-18,31.07999992370605
AC.PA,2021-10-19,30.76000022888184
AC.PA,2021-10-20,30.479999542236328
AC.PA,2021-10-21,30.489999771118164
AC.PA,2021-10-22,29.940000534057617
AC.PA,2021-10-23,29.8733336130778
AC.PA,2021-10-24,29.80666669209798
AC.PA,2021-10-25,29.739999771118164
AC.PA,2021-10-26,30.65999984741211
AC.PA,2021-10-27,30.600000381469727
AC.PA,2021-10-28,30.56999969482422
AC.PA,2021-10-29,30.90999984741211
AC.PA,2021-10-30,31.00999959309896
AC.PA,2021-10-31,31.10999933878581
AC.PA,2021-11-01,31.209999084472656
AC.PA,2021-11-02,30.81999969482422
AC.PA,2021-11-03,30.76000022888184
AC.PA,2021-11-04,31.64999961853028
AC.PA,2021-11-05,33.540000915527344
AC.PA,2021-11-06,33.36333338419596
AC.PA,2021-11-07,33.186665852864586
AC.PA,2021-11-08,33.0099983215332
AC.PA,2021-11-09,33.15999984741211
AC.PA,2021-11-10,32.779998779296875
AC.PA,2021-11-11,32.209999084472656
AC.PA,2021-11-12,31.670000076293945
AC.PA,2021-11-13,31.61666679382324
AC.PA,2021-11-14,31.563333511352543
AC.PA,2021-11-15,31.51000022888184
AC.PA,2021-11-16,31.25
AC.PA,2021-11-17,30.450000762939453
AC.PA,2021-11-18,30.39999961853028
AC.PA,2021-11-19,29.40999984741211
AC.PA,2021-11-20,29.31333351135254
AC.PA,2021-11-21,29.21666717529297
AC.PA,2021-11-22,29.1200008392334
AC.PA,2021-11-23,29.100000381469727
AC.PA,2021-11-24,29.290000915527344
AC.PA,2021-11-25,29.520000457763672
AC.PA,2021-11-26,26.88999938964844
AC.PA,2021-11-27,26.81666628519694
AC.PA,2021-11-28,26.743333180745445
AC.PA,2021-11-29,26.670000076293945
AC.PA,2021-11-30,26.170000076293945
AC.PA,2021-12-01,26.709999084472656
AC.PA,2021-12-02,26.670000076293945
AC.PA,2021-12-03,26.489999771118164
AC.PA,2021-12-04,26.793333053588867
AC.PA,2021-12-05,27.09666633605957
AC.PA,2021-12-06,27.39999961853028
AC.PA,2021-12-07,27.280000686645508
AC.PA,2021-12-08,27.420000076293945
AC.PA,2021-12-09,27.01000022888184
AC.PA,2021-12-10,27.0
AC.PA,2021-12-11,26.650000254313152
AC.PA,2021-12-12,26.3000005086263
AC.PA,2021-12-13,25.950000762939453
AC.PA,2021-12-14,26.1200008392334
AC.PA,2021-12-15,25.600000381469727
AC.PA,2021-12-16,25.950000762939453
AC.PA,2021-12-17,26.420000076293945
AC.PA,2021-12-18,26.406666437784832
AC.PA,2021-12-19,26.393332799275715
AC.PA,2021-12-20,26.3799991607666
AC.PA,2021-12-21,27.440000534057617
AC.PA,2021-12-22,27.8700008392334
AC.PA,2021-12-23,28.1299991607666
AC.PA,2021-12-24,28.239999771118164
AC.PA,2021-12-25,28.326666514078777
AC.PA,2021-12-26,28.413333257039387
AC.PA,2021-12-27,28.5
AC.PA,2021-12-28,28.43000030517578
AC.PA,2021-12-29,28.299999237060547
AC.PA,2021-12-30,28.57999992370605
AC.PA,2021-12-31,28.450000762939453
AC.PA,2022-01-01,28.726667404174805
AC.PA,2022-01-02,29.00333404541016
AC.PA,2022-01-03,29.280000686645508
AC.PA,2022-01-04,30.440000534057617
AC.PA,2022-01-05,30.46999931335449
AC.PA,2022-01-06,30.530000686645508
AC.PA,2022-01-07,30.61000061035156
AC.PA,2022-01-08,30.660000483194985
AC.PA,2022-01-09,30.71000035603841
AC.PA,2022-01-10,30.76000022888184
AC.PA,2022-01-11,31.030000686645508
AC.PA,2022-01-12,30.96999931335449
AC.PA,2022-01-13,31.799999237060547
AC.PA,2022-01-14,32.130001068115234
AC.PA,2022-01-15,32.153334299723305
AC.PA,2022-01-16,32.17666753133138
AC.PA,2022-01-17,32.20000076293945
AC.PA,2022-01-18,31.90999984741211
AC.PA,2022-01-19,31.57999992370605
AC.PA,2022-01-20,32.45000076293945
AC.PA,2022-01-21,32.380001068115234
AC.PA,2022-01-22,31.86666742960612
AC.PA,2022-01-23,31.353333791097004
AC.PA,2022-01-24,30.84000015258789
AC.PA,2022-01-25,31.0
AC.PA,2022-01-26,32.220001220703125
AC.PA,2022-01-27,32.15999984741211
AC.PA,2022-01-28,32.029998779296875
AC.PA,2022-01-29,32.13999938964844
AC.PA,2022-01-30,32.25
BNP.PA,2021-04-08,52.0
BNP.PA,2021-04-09,51.459999084472656
BNP.PA,2021-04-10,51.44666544596354
BNP.PA,2021-04-11,51.43333180745443
BNP.PA,2021-04-12,51.41999816894531
BNP.PA,2021-04-13,51.63999938964844
BNP.PA,2021-04-14,51.97999954223633
BNP.PA,2021-04-15,51.7599983215332
BNP.PA,2021-04-16,52.900001525878906
BNP.PA,2021-04-17,53.0433349609375
BNP.PA,2021-04-18,53.186668395996094
BNP.PA,2021-04-19,53.33000183105469
BNP.PA,2021-04-20,50.83000183105469
BNP.PA,2021-04-21,50.36000061035156
BNP.PA,2021-04-22,50.68000030517578
BNP.PA,2021-04-23,50.5099983215332
BNP.PA,2021-04-24,50.97666549682617
BNP.PA,2021-04-25,51.44333267211914
BNP.PA,2021-04-26,51.90999984741211
BNP.PA,2021-04-27,51.86000061035156
BNP.PA,2021-04-28,53.47999954223633
BNP.PA,2021-04-29,53.83000183105469
BNP.PA,2021-04-30,53.38999938964844
BNP.PA,2021-05-01,53.41333262125651
BNP.PA,2021-05-02,53.436665852864586
BNP.PA,2021-05-03,53.459999084472656
BNP.PA,2021-05-04,53.04999923706055
BNP.PA,2021-05-05,54.900001525878906
BNP.PA,2021-05-06,54.90999984741211
BNP.PA,2021-05-07,54.77999877929688
BNP.PA,2021-05-08,55.12666575113933
BNP.PA,2021-05-09,55.47333272298177
BNP.PA,2021-05-10,55.81999969482422
BNP.PA,2021-05-11,55.79999923706055
BNP.PA,2021-05-12,56.59999847412109
BNP.PA,2021-05-13,56.060001373291016
BNP.PA,2021-05-14,57.040000915527344
BNP.PA,2021-05-15,57.02000045776367
BNP.PA,2021-05-16,57.0
BNP.PA,2021-05-17,56.97999954223633
BNP.PA,2021-05-18,57.06999969482422
BNP.PA,2021-05-19,55.93999862670898
BNP.PA,2021-05-20,56.209999084472656
BNP.PA,2021-05-21,56.2400016784668
BNP.PA,2021-05-22,56.02666727701823
BNP.PA,2021-05-23,55.81333287556966
BNP.PA,2021-05-24,55.59999847412109
BNP.PA,2021-05-25,55.400001525878906
BNP.PA,2021-05-26,54.650001525878906
BNP.PA,2021-05-27,56.38999938964844
BNP.PA,2021-05-28,56.47999954223633
BNP.PA,2021-05-29,56.26999918619792
BNP.PA,2021-05-30,56.0599988301595
BNP.PA,2021-05-31,55.84999847412109
BNP.PA,2021-06-01,56.709999084472656
BNP.PA,2021-06-02,57.0
BNP.PA,2021-06-03,57.43999862670898
BNP.PA,2021-06-04,57.11000061035156
BNP.PA,2021-06-05,57.26333363850912
BNP.PA,2021-06-06,57.41666666666666
BNP.PA,2021-06-07,57.56999969482422
BNP.PA,2021-06-08,56.68000030517578
BNP.PA,2021-06-09,56.22999954223633
BNP.PA,2021-06-10,56.09000015258789
BNP.PA,2021-06-11,56.31999969482422
BNP.PA,2021-06-12,56.36333338419596
BNP.PA,2021-06-13,56.40666707356771
BNP.PA,2021-06-14,56.45000076293945
BNP.PA,2021-06-15,56.470001220703125
BNP.PA,2021-06-16,55.7400016784668
BNP.PA,2021-06-17,56.310001373291016
BNP.PA,2021-06-18,53.7400016784668
BNP.PA,2021-06-19,53.78000132242838
BNP.PA,2021-06-20,53.820000966389976
BNP.PA,2021-06-21,53.86000061035156
BNP.PA,2021-06-22,53.97999954223633
BNP.PA,2021-06-23,53.47999954223633
BNP.PA,2021-06-24,54.09999847412109
BNP.PA,2021-06-25,54.459999084472656
BNP.PA,2021-06-26,54.03999964396159
BNP.PA,2021-06-27,53.62000020345052
BNP.PA,2021-06-28,53.20000076293945
BNP.PA,2021-06-29,53.56999969482422
BNP.PA,2021-06-30,52.869998931884766
BNP.PA,2021-07-01,53.47999954223633
BNP.PA,2021-07-02,52.470001220703125
BNP.PA,2021-07-03,52.85666783650717
BNP.PA,2021-07-04,53.2433344523112
BNP.PA,2021-07-05,53.630001068115234
BNP.PA,2021-07-06,51.91999816894531
BNP.PA,2021-07-07,51.18000030517578
BNP.PA,2021-07-08,49.71500015258789
BNP.PA,2021-07-09,50.93000030517578
BNP.PA,2021-07-10,50.96666717529297
BNP.PA,2021-07-11,51.00333404541016
BNP.PA,2021-07-12,51.040000915527344
BNP.PA,2021-07-13,50.83000183105469
BNP.PA,2021-07-14,51.13999938964844
BNP.PA,2021-07-15,50.720001220703125
BNP.PA,2021-07-16,49.880001068115234
BNP.PA,2021-07-17,49.18333435058594
BNP.PA,2021-07-18,48.48666763305664
BNP.PA,2021-07-19,47.790000915527344
BNP.PA,2021-07-20,48.69499969482422
BNP.PA,2021-07-21,50.22999954223633
BNP.PA,2021-07-22,49.97999954223633
BNP.PA,2021-07-23,50.56999969482422
BNP.PA,2021-07-24,50.949999491373696
BNP.PA,2021-07-25,51.32999928792318
BNP.PA,2021-07-26,51.709999084472656
BNP.PA,2021-07-27,51.2400016784668
BNP.PA,2021-07-28,51.15999984741211
BNP.PA,2021-07-29,52.06999969482422
BNP.PA,2021-07-30,51.45000076293945
BNP.PA,2021-07-31,51.28333409627279
BNP.PA,2021-08-01,51.11666742960612
BNP.PA,2021-08-02,50.95000076293945
BNP.PA,2021-08-03,51.400001525878906
BNP.PA,2021-08-04,52.0099983215332
BNP.PA,2021-08-05,52.40999984741211
BNP.PA,2021-08-06,54.0
BNP.PA,2021-08-07,54.06999969482422
BNP.PA,2021-08-08,54.13999938964844
BNP.PA,2021-08-09,54.209999084472656
BNP.PA,2021-08-10,54.02000045776367
BNP.PA,2021-08-11,54.77000045776367
BNP.PA,2021-08-12,54.31999969482422
BNP.PA,2021-08-13,54.380001068115234
BNP.PA,2021-08-14,54.20333353678385
BNP.PA,2021-08-15,54.02666600545247
BNP.PA,2021-08-16,53.84999847412109
BNP.PA,2021-08-17,52.86000061035156
BNP.PA,2021-08-18,53.34000015258789
BNP.PA,2021-08-19,51.90999984741211
BNP.PA,2021-08-20,52.09999847412109
BNP.PA,2021-08-21,52.30333201090495
BNP.PA,2021-08-22,52.5066655476888
BNP.PA,2021-08-23,52.709999084472656
BNP.PA,2021-08-24,53.06999969482422
BNP.PA,2021-08-25,54.150001525878906
BNP.PA,2021-08-26,53.66999816894531
BNP.PA,2021-08-27,53.459999084472656
BNP.PA,2021-08-28,53.3066660563151
BNP.PA,2021-08-29,53.153333028157554
BNP.PA,2021-08-30,53.0
BNP.PA,2021-08-31,53.72999954223633
BNP.PA,2021-09-01,54.79999923706055
BNP.PA,2021-09-02,54.79999923706055
BNP.PA,2021-09-03,53.869998931884766
BNP.PA,2021-09-04,53.9533322652181
BNP.PA,2021-09-05,54.03666559855143
BNP.PA,2021-09-06,54.119998931884766
BNP.PA,2021-09-07,54.33000183105469
BNP.PA,2021-09-08,53.5
BNP.PA,2021-09-09,53.7400016784668
BNP.PA,2021-09-10,52.81999969482422
BNP.PA,2021-09-11,53.21999994913737
BNP.PA,2021-09-12,53.62000020345052
BNP.PA,2021-09-13,54.02000045776367
BNP.PA,2021-09-14,53.38999938964844
BNP.PA,2021-09-15,53.630001068115234
BNP.PA,2021-09-16,54.15999984741211
BNP.PA,2021-09-17,53.540000915527344
BNP.PA,2021-09-18,52.7433344523112
BNP.PA,2021-09-19,51.946667989095054
BNP.PA,2021-09-20,51.150001525878906
BNP.PA,2021-09-21,51.36000061035156
BNP.PA,2021-09-22,53.15999984741211
BNP.PA,2021-09-23,54.36000061035156
BNP.PA,2021-09-24,54.79999923706055
BNP.PA,2021-09-25,55.36666615804037
BNP.PA,2021-09-26,55.93333307902018
BNP.PA,2021-09-27,56.5
BNP.PA,2021-09-28,54.84000015258789
BNP.PA,2021-09-29,55.2599983215332
BNP.PA,2021-09-30,55.43999862670898
BNP.PA,2021-10-01,54.88999938964844
BNP.PA,2021-10-02,54.71666590372721
BNP.PA,2021-10-03,54.54333241780599
BNP.PA,2021-10-04,54.369998931884766
BNP.PA,2021-10-05,56.880001068115234
BNP.PA,2021-10-06,56.20000076293945
BNP.PA,2021-10-07,57.09000015258789
BNP.PA,2021-10-08,57.0
BNP.PA,2021-10-09,57.11000061035156
BNP.PA,2021-10-10,57.220001220703125
BNP.PA,2021-10-11,57.33000183105469
BNP.PA,2021-10-12,57.18999862670898
BNP.PA,2021-10-13,56.36000061035156
BNP.PA,2021-10-14,56.630001068115234
BNP.PA,2021-10-15,57.75
BNP.PA,2021-10-16,57.83666610717773
BNP.PA,2021-10-17,57.92333221435547
BNP.PA,2021-10-18,58.0099983215332
BNP.PA,2021-10-19,58.09999847412109
BNP.PA,2021-10-20,58.18000030517578
BNP.PA,2021-10-21,57.59000015258789
BNP.PA,2021-10-22,57.709999084472656
BNP.PA,2021-10-23,57.87666575113932
BNP.PA,2021-10-24,58.04333241780599
BNP.PA,2021-10-25,58.209999084472656
BNP.PA,2021-10-26,58.18000030517578
BNP.PA,2021-10-27,57.81999969482422
BNP.PA,2021-10-28,57.459999084472656
BNP.PA,2021-10-29,57.900001525878906
BNP.PA,2021-10-30,58.49000040690104
BNP.PA,2021-10-31,59.07999928792318
BNP.PA,2021-11-01,59.66999816894531
BNP.PA,2021-11-02,59.43000030517578
BNP.PA,2021-11-03,59.880001068115234
BNP.PA,2021-11-04,59.08000183105469
BNP.PA,2021-11-05,59.5099983215332
BNP.PA,2021-11-06,59.46999867757162
BNP.PA,2021-11-07,59.42999903361002
BNP.PA,2021-11-08,59.38999938964844
BNP.PA,2021-11-09,58.869998931884766
BNP.PA,2021-11-10,59.20000076293945
BNP.PA,2021-11-11,59.47999954223633
BNP.PA,2021-11-12,59.27000045776367
BNP.PA,2021-11-13,59.92000071207682
BNP.PA,2021-11-14,60.570000966389976
BNP.PA,2021-11-15,61.220001220703125
BNP.PA,2021-11-16,60.22999954223633
BNP.PA,2021-11-17,60.18000030517578
BNP.PA,2021-11-18,59.52000045776367
BNP.PA,2021-11-19,57.720001220703125
BNP.PA,2021-11-20,58.02666727701823
BNP.PA,2021-11-21,58.333333333333336
BNP.PA,2021-11-22,58.63999938964844
BNP.PA,2021-11-23,58.88999938964844
BNP.PA,2021-11-24,58.540000915527344
BNP.PA,2021-11-25,58.72999954223633
BNP.PA,2021-11-26,55.290000915527344
BNP.PA,2021-11-27,55.320000966389976
BNP.PA,2021-11-28,55.3500010172526
BNP.PA,2021-11-29,55.380001068115234
BNP.PA,2021-11-30,55.08000183105469
BNP.PA,2021-12-01,56.59000015258789
BNP.PA,2021-12-02,56.45000076293945
BNP.PA,2021-12-03,56.16999816894531
BNP.PA,2021-12-04,56.55999883015951
BNP.PA,2021-12-05,56.949999491373696
BNP.PA,2021-12-06,57.34000015258789
BNP.PA,2021-12-07,58.2599983215332
BNP.PA,2021-12-08,58.130001068115234
BNP.PA,2021-12-09,57.41999816894531
BNP.PA,2021-12-10,56.709999084472656
BNP.PA,2021-12-11,56.47333272298177
BNP.PA,2021-12-12,56.23666636149088
BNP.PA,2021-12-13,56.0
BNP.PA,2021-12-14,56.09000015258789
BNP.PA,2021-12-15,55.88999938964844
BNP.PA,2021-12-16,56.959999084472656
BNP.PA,2021-12-17,56.16999816894531
BNP.PA,2021-12-18,56.25333150227865
BNP.PA,2021-12-19,56.33666483561198
BNP.PA,2021-12-20,56.41999816894531
BNP.PA,2021-12-21,58.86000061035156
BNP.PA,2021-12-22,59.34999847412109
BNP.PA,2021-12-23,60.0
BNP.PA,2021-12-24,59.75
BNP.PA,2021-12-25,59.960000356038414
BNP.PA,2021-12-26,60.17000071207682
BNP.PA,2021-12-27,60.380001068115234
BNP.PA,2021-12-28,60.81999969482422
BNP.PA,2021-12-29,60.709999084472656
BNP.PA,2021-12-30,60.66999816894531
BNP.PA,2021-12-31,60.77000045776367
BNP.PA,2022-01-01,60.913333892822266
BNP.PA,2022-01-02,61.05666732788086
BNP.PA,2022-01-03,61.20000076293945
BNP.PA,2022-01-04,63.25
BNP.PA,2022-01-05,63.33000183105469
BNP.PA,2022-01-06,64.19000244140625
BNP.PA,2022-01-07,64.5
BNP.PA,2022-01-08,64.33333333333333
BNP.PA,2022-01-09,64.16666666666667
BNP.PA,2022-01-10,64.0
BNP.PA,2022-01-11,64.36000061035156
BNP.PA,2022-01-12,65.33000183105469
BNP.PA,2022-01-13,66.95999908447266
BNP.PA,2022-01-14,66.30000305175781
BNP.PA,2022-01-15,66.21666971842448
BNP.PA,2022-01-16,66.13333638509114
BNP.PA,2022-01-17,66.05000305175781
BNP.PA,2022-01-18,66.01000213623047
BNP.PA,2022-01-19,65.4000015258789
BNP.PA,2022-01-20,64.11000061035156
BNP.PA,2022-01-21,62.43999862670898
BNP.PA,2022-01-22,61.659998575846345
BNP.PA,2022-01-23,60.87999852498372
BNP.PA,2022-01-24,60.09999847412109
BNP.PA,2022-01-25,62.060001373291016
BNP.PA,2022-01-26,63.95000076293945
BNP.PA,2022-01-27,64.5
BNP.PA,2022-01-28,62.77999877929688
BNP.PA,2022-01-29,62.85333251953126
BNP.PA,2022-01-30,62.926666259765625
CAP.PA,2021-04-08,150.0500030517578
CAP.PA,2021-04-09,151.0
CAP.PA,2021-04-10,151.21666463216147
CAP.PA,2021-04-11,151.4333292643229
CAP.PA,2021-04-12,151.64999389648438
CAP.PA,2021-04-13,153.5
CAP.PA,2021-04-14,151.0
CAP.PA,2021-04-15,151.3000030517578
CAP.PA,2021-04-16,151.5
CAP.PA,2021-04-17,152.11666870117188
CAP.PA,2021-04-18,152.73333740234375
CAP.PA,2021-04-19,153.35000610351562
CAP.PA,2021-04-20,150.0
CAP.PA,2021-04-21,150.5
CAP.PA,2021-04-22,150.64999389648438
CAP.PA,2021-04-23,150.64999389648438
CAP.PA,2021-04-24,150.6999969482422
CAP.PA,2021-04-25,150.75
CAP.PA,2021-04-26,150.8000030517578
CAP.PA,2021-04-27,151.10000610351562
CAP.PA,2021-04-28,151.8000030517578
CAP.PA,2021-04-29,153.8000030517578
CAP.PA,2021-04-30,152.39999389648438
CAP.PA,2021-05-01,152.46666463216147
CAP.PA,2021-05-02,152.53333536783853
CAP.PA,2021-05-03,152.60000610351562
CAP.PA,2021-05-04,150.5500030517578
CAP.PA,2021-05-05,151.9499969482422
CAP.PA,2021-05-06,153.39999389648438
CAP.PA,2021-05-07,155.10000610351562
CAP.PA,2021-05-08,154.95000203450522
CAP.PA,2021-05-09,154.79999796549478
CAP.PA,2021-05-10,154.64999389648438
CAP.PA,2021-05-11,151.25
CAP.PA,2021-05-12,150.39999389648438
CAP.PA,2021-05-13,151.8000030517578
CAP.PA,2021-05-14,154.0500030517578
CAP.PA,2021-05-15,153.91666666666666
CAP.PA,2021-05-16,153.78333028157553
CAP.PA,2021-05-17,153.64999389648438
CAP.PA,2021-05-18,154.14999389648438
CAP.PA,2021-05-19,151.4499969482422
CAP.PA,2021-05-20,152.60000610351562
CAP.PA,2021-05-21,151.8000030517578
CAP.PA,2021-05-22,152.75
CAP.PA,2021-05-23,153.6999969482422
CAP.PA,2021-05-24,154.64999389648438
CAP.PA,2021-05-25,155.75
CAP.PA,2021-05-26,155.39999389648438
CAP.PA,2021-05-27,152.25
CAP.PA,2021-05-28,153.5500030517578
CAP.PA,2021-05-29,153.25
CAP.PA,2021-05-30,152.9499969482422
CAP.PA,2021-05-31,152.64999389648438
CAP.PA,2021-06-01,152.60000610351562
CAP.PA,2021-06-02,151.1999969482422
CAP.PA,2021-06-03,148.60000610351562
CAP.PA,2021-06-04,150.75
CAP.PA,2021-06-05,150.6499989827474
CAP.PA,2021-06-06,150.54999796549478
CAP.PA,2021-06-07,150.4499969482422
CAP.PA,2021-06-08,150.89999389648438
CAP.PA,2021-06-09,150.3000030517578
CAP.PA,2021-06-10,152.75
CAP.PA,2021-06-11,157.39999389648438
CAP.PA,2021-06-12,157.76666259765625
CAP.PA,2021-06-13,158.13333129882812
CAP.PA,2021-06-14,158.5
CAP.PA,2021-06-15,158.35000610351562
CAP.PA,2021-06-16,159.35000610351562
CAP.PA,2021-06-17,160.6999969482422
CAP.PA,2021-06-18,156.5500030517578
CAP.PA,2021-06-19,156.58333333333334
CAP.PA,2021-06-20,156.61666361490884
CAP.PA,2021-06-21,156.64999389648438
CAP.PA,2021-06-22,157.35000610351562
CAP.PA,2021-06-23,157.35000610351562
CAP.PA,2021-06-24,161.5500030517578
CAP.PA,2021-06-25,161.8000030517578
CAP.PA,2021-06-26,161.58333333333334
CAP.PA,2021-06-27,161.36666361490884
CAP.PA,2021-06-28,161.14999389648438
CAP.PA,2021-06-29,162.0
CAP.PA,2021-06-30,162.0
CAP.PA,2021-07-01,164.10000610351562
CAP.PA,2021-07-02,164.64999389648438
CAP.PA,2021-07-03,164.71666463216147
CAP.PA,2021-07-04,164.78333536783853
CAP.PA,2021-07-05,164.85000610351562
CAP.PA,2021-07-06,164.0
CAP.PA,2021-07-07,166.39999389648438
CAP.PA,2021-07-08,164.89999389648438
CAP.PA,2021-07-09,167.0500030517578
CAP.PA,2021-07-10,167.5500030517578
CAP.PA,2021-07-11,168.0500030517578
CAP.PA,2021-07-12,168.5500030517578
CAP.PA,2021-07-13,168.75
CAP.PA,2021-07-14,168.3000030517578
CAP.PA,2021-07-15,166.6999969482422
CAP.PA,2021-07-16,166.85000610351562
CAP.PA,2021-07-17,166.10000610351562
CAP.PA,2021-07-18,165.35000610351562
CAP.PA,2021-07-19,164.60000610351562
CAP.PA,2021-07-20,166.75
CAP.PA,2021-07-21,167.10000610351562
CAP.PA,2021-07-22,170.60000610351562
CAP.PA,2021-07-23,172.3000030517578
CAP.PA,2021-07-24,172.4000040690104
CAP.PA,2021-07-25,172.50000508626303
CAP.PA,2021-07-26,172.60000610351562
CAP.PA,2021-07-27,171.10000610351562
CAP.PA,2021-07-28,177.5500030517578
CAP.PA,2021-07-29,181.6000061035156
CAP.PA,2021-07-30,182.25
CAP.PA,2021-07-31,183.2000020345052
CAP.PA,2021-08-01,184.1500040690104
CAP.PA,2021-08-02,185.1000061035156
CAP.PA,2021-08-03,187.5
CAP.PA,2021-08-04,190.4499969482422
CAP.PA,2021-08-05,189.5
CAP.PA,2021-08-06,189.6000061035156
CAP.PA,2021-08-07,189.81667073567704
CAP.PA,2021-08-08,190.03333536783853
CAP.PA,2021-08-09,190.25
CAP.PA,2021-08-10,189.8999938964844
CAP.PA,2021-08-11,189.5
CAP.PA,2021-08-12,190.6000061035156
CAP.PA,2021-08-13,190.5500030517578
CAP.PA,2021-08-14,190.5500030517578
CAP.PA,2021-08-15,190.5500030517578
CAP.PA,2021-08-16,190.5500030517578
CAP.PA,2021-08-17,190.3500061035156
CAP.PA,2021-08-18,190.3500061035156
CAP.PA,2021-08-19,189.6499938964844
CAP.PA,2021-08-20,189.8000030517578
CAP.PA,2021-08-21,190.08333333333331
CAP.PA,2021-08-22,190.36666361490887
CAP.PA,2021-08-23,190.6499938964844
CAP.PA,2021-08-24,190.6999969482422
CAP.PA,2021-08-25,189.8000030517578
CAP.PA,2021-08-26,190.6999969482422
CAP.PA,2021-08-27,191.0
CAP.PA,2021-08-28,191.0
CAP.PA,2021-08-29,191.0
CAP.PA,2021-08-30,191.0
CAP.PA,2021-08-31,190.1499938964844
CAP.PA,2021-09-01,191.0
CAP.PA,2021-09-02,191.4499969482422
CAP.PA,2021-09-03,191.5500030517578
CAP.PA,2021-09-04,191.8000030517578
CAP.PA,2021-09-05,192.0500030517578
CAP.PA,2021-09-06,192.3000030517578
CAP.PA,2021-09-07,192.3000030517578
CAP.PA,2021-09-08,189.5500030517578
CAP.PA,2021-09-09,189.5
CAP.PA,2021-09-10,189.6000061035156
CAP.PA,2021-09-11,189.46666971842447
CAP.PA,2021-09-12,189.3333333333333
CAP.PA,2021-09-13,189.1999969482422
CAP.PA,2021-09-14,191.8000030517578
CAP.PA,2021-09-15,189.8000030517578
CAP.PA,2021-09-16,194.0
CAP.PA,2021-09-17,192.3500061035156
CAP.PA,2021-09-18,191.21666971842447
CAP.PA,2021-09-19,190.0833333333333
CAP.PA,2021-09-20,188.9499969482422
CAP.PA,2021-09-21,193.6000061035156
CAP.PA,2021-09-22,193.1999969482422
CAP.PA,2021-09-23,195.6499938964844
CAP.PA,2021-09-24,192.6000061035156
CAP.PA,2021-09-25,192.11666870117188
CAP.PA,2021-09-26,191.63333129882807
CAP.PA,2021-09-27,191.1499938964844
CAP.PA,2021-09-28,180.1999969482422
CAP.PA,2021-09-29,181.0500030517578
CAP.PA,2021-09-30,180.1499938964844
CAP.PA,2021-10-01,178.64999389648438
CAP.PA,2021-10-02,177.61666361490884
CAP.PA,2021-10-03,176.58333333333334
CAP.PA,2021-10-04,175.5500030517578
CAP.PA,2021-10-05,176.85000610351562
CAP.PA,2021-10-06,176.0
CAP.PA,2021-10-07,179.25
CAP.PA,2021-10-08,176.3000030517578
CAP.PA,2021-10-09,175.91666666666666
CAP.PA,2021-10-10,175.53333028157553
CAP.PA,2021-10-11,175.14999389648438
CAP.PA,2021-10-12,175.60000610351562
CAP.PA,2021-10-13,182.6999969482422
CAP.PA,2021-10-14,187.1000061035156
CAP.PA,2021-10-15,187.8000030517578
CAP.PA,2021-10-16,187.46666971842447
CAP.PA,2021-10-17,187.1333363850912
CAP.PA,2021-10-18,186.8000030517578
CAP.PA,2021-10-19,189.5
CAP.PA,2021-10-20,185.5
CAP.PA,2021-10-21,184.3000030517578
CAP.PA,2021-10-22,188.6499938964844
CAP.PA,2021-10-23,188.28333028157556
CAP.PA,2021-10-24,187.91666666666669
CAP.PA,2021-10-25,187.5500030517578
CAP.PA,2021-10-26,189.6000061035156
CAP.PA,2021-10-27,188.0500030517578
CAP.PA,2021-10-28,199.3000030517578
CAP.PA,2021-10-29,201.3000030517578
CAP.PA,2021-10-30,202.16666666666669
CAP.PA,2021-10-31,203.03333028157556
CAP.PA,2021-11-01,203.8999938964844
CAP.PA,2021-11-02,207.1000061035156
CAP.PA,2021-11-03,209.6000061035156
CAP.PA,2021-11-04,211.3000030517578
CAP.PA,2021-11-05,210.6999969482422
CAP.PA,2021-11-06,211.0666656494141
CAP.PA,2021-11-07,211.43333435058597
CAP.PA,2021-11-08,211.8000030517578
CAP.PA,2021-11-09,212.1999969482422
CAP.PA,2021-11-10,208.5
CAP.PA,2021-11-11,212.6999969482422
CAP.PA,2021-11-12,213.6000061035156
CAP.PA,2021-11-13,213.9000040690104
CAP.PA,2021-11-14,214.2000020345052
CAP.PA,2021-11-15,214.5
CAP.PA,2021-11-16,214.8000030517578
CAP.PA,2021-11-17,215.6000061035156
CAP.PA,2021-11-18,215.1999969482422
CAP.PA,2021-11-19,215.8000030517578
CAP.PA,2021-11-20,214.33333333333331
CAP.PA,2021-11-21,212.86666361490887
CAP.PA,2021-11-22,211.3999938964844
CAP.PA,2021-11-23,205.3999938964844
CAP.PA,2021-11-24,203.3999938964844
CAP.PA,2021-11-25,205.6999969482422
CAP.PA,2021-11-26,200.1999969482422
CAP.PA,2021-11-27,200.76666259765625
CAP.PA,2021-11-28,201.33332824707037
CAP.PA,2021-11-29,201.8999938964844
CAP.PA,2021-11-30,204.1000061035156
CAP.PA,2021-12-01,207.8999938964844
CAP.PA,2021-12-02,204.3999938964844
CAP.PA,2021-12-03,201.3999938964844
CAP.PA,2021-12-04,200.999994913737
CAP.PA,2021-12-05,200.5999959309896
CAP.PA,2021-12-06,200.1999969482422
CAP.PA,2021-12-07,207.1000061035156
CAP.PA,2021-12-08,205.6000061035156
CAP.PA,2021-12-09,208.1000061035156
CAP.PA,2021-12-10,206.0
CAP.PA,2021-12-11,205.53333536783853
CAP.PA,2021-12-12,205.06667073567704
CAP.PA,2021-12-13,204.6000061035156
CAP.PA,2021-12-14,201.1999969482422
CAP.PA,2021-12-15,204.3000030517578
CAP.PA,2021-12-16,207.6999969482422
CAP.PA,2021-12-17,204.8000030517578
CAP.PA,2021-12-18,204.56667073567704
CAP.PA,2021-12-19,204.33333841959637
CAP.PA,2021-12-20,204.1000061035156
CAP.PA,2021-12-21,204.1999969482422
CAP.PA,2021-12-22,211.6000061035156
CAP.PA,2021-12-23,213.6000061035156
CAP.PA,2021-12-24,212.5
CAP.PA,2021-12-25,213.36666870117188
CAP.PA,2021-12-26,214.2333374023437
CAP.PA,2021-12-27,215.1000061035156
CAP.PA,2021-12-28,216.3999938964844
CAP.PA,2021-12-29,214.8999938964844
CAP.PA,2021-12-30,215.6999969482422
CAP.PA,2021-12-31,215.5
CAP.PA,2022-01-01,214.83333333333331
CAP.PA,2022-01-02,214.16666666666663
CAP.PA,2022-01-03,213.5
CAP.PA,2022-01-04,217.1999969482422
CAP.PA,2022-01-05,212.6000061035156
CAP.PA,2022-01-06,203.3000030517578
CAP.PA,2022-01-07,200.1000061035156
CAP.PA,2022-01-08,198.21666971842447
CAP.PA,2022-01-09,196.3333333333333
CAP.PA,2022-01-10,194.4499969482422
CAP.PA,2022-01-11,200.6999969482422
CAP.PA,2022-01-12,203.3000030517578
CAP.PA,2022-01-13,201.6999969482422
CAP.PA,2022-01-14,198.6999969482422
CAP.PA,2022-01-15,200.5999959309896
CAP.PA,2022-01-16,202.499994913737
CAP.PA,2022-01-17,204.3999938964844
CAP.PA,2022-01-18,201.3999938964844
CAP.PA,2022-01-19,205.3999938964844
CAP.PA,2022-01-20,207.0
CAP.PA,2022-01-21,203.1999969482422
CAP.PA,2022-01-22,199.03333028157556
CAP.PA,2022-01-23,194.86666361490884
CAP.PA,2022-01-24,190.6999969482422
CAP.PA,2022-01-25,188.8000030517578
CAP.PA,2022-01-26,193.3999938964844
CAP.PA,2022-01-27,193.8000030517578
CAP.PA,2022-01-28,193.0
CAP.PA,2022-01-29,194.48333231608072
CAP.PA,2022-01-30,195.96666463216147
ENGI.PA,2021-04-08,12.289999961853027
ENGI.PA,2021-04-09,12.326000213623049
ENGI.PA,2021-04-10,12.36800003051758
ENGI.PA,2021-04-11,12.40999984741211
ENGI.PA,2021-04-12,12.45199966430664
ENGI.PA,2021-04-13,12.260000228881836
ENGI.PA,2021-04-14,12.253999710083008
ENGI.PA,2021-04-15,12.246000289916992
ENGI.PA,2021-04-16,12.402000427246094
ENGI.PA,2021-04-17,12.39733346303304
ENGI.PA,2021-04-18,12.392666498819986
ENGI.PA,2021-04-19,12.387999534606934
ENGI.PA,2021-04-20,12.17199993133545
ENGI.PA,2021-04-21,12.086000442504885
ENGI.PA,2021-04-22,12.300000190734863
ENGI.PA,2021-04-23,12.359999656677246
ENGI.PA,2021-04-24,12.405333201090494
ENGI.PA,2021-04-25,12.450666745503744
ENGI.PA,2021-04-26,12.496000289916992
ENGI.PA,2021-04-27,12.34000015258789
ENGI.PA,2021-04-28,12.39799976348877
ENGI.PA,2021-04-29,12.302000045776367
ENGI.PA,2021-04-30,12.369999885559082
ENGI.PA,2021-05-01,12.395999908447266
ENGI.PA,2021-05-02,12.42199993133545
ENGI.PA,2021-05-03,12.447999954223633
ENGI.PA,2021-05-04,12.402000427246094
ENGI.PA,2021-05-05,12.38599967956543
ENGI.PA,2021-05-06,12.529999732971191
ENGI.PA,2021-05-07,12.612000465393066
ENGI.PA,2021-05-08,12.624666849772137
ENGI.PA,2021-05-09,12.637333234151203
ENGI.PA,2021-05-10,12.649999618530272
ENGI.PA,2021-05-11,12.184000015258787
ENGI.PA,2021-05-12,12.246000289916992
ENGI.PA,2021-05-13,12.406000137329102
ENGI.PA,2021-05-14,12.684000015258787
ENGI.PA,2021-05-15,12.694666544596354
ENGI.PA,2021-05-16,12.705333073933918
ENGI.PA,2021-05-17,12.715999603271484
ENGI.PA,2021-05-18,13.100000381469728
ENGI.PA,2021-05-19,13.121999740600586
ENGI.PA,2021-05-20,13.064000129699709
ENGI.PA,2021-05-21,13.144000053405762
ENGI.PA,2021-05-22,12.976666768391928
ENGI.PA,2021-05-23,12.809333483378092
ENGI.PA,2021-05-24,12.642000198364258
ENGI.PA,2021-05-25,12.588000297546388
ENGI.PA,2021-05-26,12.508000373840332
ENGI.PA,2021-05-27,12.258000373840332
ENGI.PA,2021-05-28,12.265999794006348
ENGI.PA,2021-05-29,12.227333068847656
ENGI.PA,2021-05-30,12.188666343688965
ENGI.PA,2021-05-31,12.149999618530272
ENGI.PA,2021-06-01,12.281999588012695
ENGI.PA,2021-06-02,12.338000297546388
ENGI.PA,2021-06-03,12.33199977874756
ENGI.PA,2021-06-04,12.3100004196167
ENGI.PA,2021-06-05,12.33666706085205
ENGI.PA,2021-06-06,12.363333702087402
ENGI.PA,2021-06-07,12.390000343322754
ENGI.PA,2021-06-08,12.34000015258789
ENGI.PA,2021-06-09,12.291999816894531
ENGI.PA,2021-06-10,12.206000328063965
ENGI.PA,2021-06-11,12.315999984741213
ENGI.PA,2021-06-12,12.3133331934611
ENGI.PA,2021-06-13,12.310666402180992
ENGI.PA,2021-06-14,12.30799961090088
ENGI.PA,2021-06-15,12.33199977874756
ENGI.PA,2021-06-16,12.244000434875488
ENGI.PA,2021-06-17,12.128000259399414
ENGI.PA,2021-06-18,11.899999618530272
ENGI.PA,2021-06-19,11.866666475931805
ENGI.PA,2021-06-20,11.833333333333332
ENGI.PA,2021-06-21,11.800000190734863
ENGI.PA,2021-06-22,11.729999542236328
ENGI.PA,2021-06-23,11.56999969482422
ENGI.PA,2021-06-24,11.684000015258787
ENGI.PA,2021-06-25,11.630000114440918
ENGI.PA,2021-06-26,11.61733341217041
ENGI.PA,2021-06-27,11.604666709899904
ENGI.PA,2021-06-28,11.592000007629396
ENGI.PA,2021-06-29,11.565999984741213
ENGI.PA,2021-06-30,11.553999900817873
ENGI.PA,2021-07-01,11.732000350952148
ENGI.PA,2021-07-02,11.753999710083008
ENGI.PA,2021-07-03,11.735333124796549
ENGI.PA,2021-07-04,11.716666539510092
ENGI.PA,2021-07-05,11.697999954223633
ENGI.PA,2021-07-06,11.593999862670898
ENGI.PA,2021-07-07,11.68000030517578
ENGI.PA,2021-07-08,11.527999877929688
ENGI.PA,2021-07-09,11.605999946594238
ENGI.PA,2021-07-10,11.61733341217041
ENGI.PA,2021-07-11,11.628666877746582
ENGI.PA,2021-07-12,11.640000343322754
ENGI.PA,2021-07-13,11.618000030517578
ENGI.PA,2021-07-14,11.612000465393066
ENGI.PA,2021-07-15,11.456000328063965
ENGI.PA,2021-07-16,11.621999740600586
ENGI.PA,2021-07-17,11.490666389465332
ENGI.PA,2021-07-18,11.359333038330078
ENGI.PA,2021-07-19,11.227999687194824
ENGI.PA,2021-07-20,11.092000007629396
ENGI.PA,2021-07-21,11.182000160217283
ENGI.PA,2021-07-22,11.315999984741213
ENGI.PA,2021-07-23,11.46399974822998
ENGI.PA,2021-07-24,11.471333185831703
ENGI.PA,2021-07-25,11.478666623433432
ENGI.PA,2021-07-26,11.486000061035156
ENGI.PA,2021-07-27,11.39799976348877
ENGI.PA,2021-07-28,11.55799961090088
ENGI.PA,2021-07-29,11.600000381469728
ENGI.PA,2021-07-30,11.251999855041504
ENGI.PA,2021-07-31,11.28333314259847
ENGI.PA,2021-08-01,11.314666430155436
ENGI.PA,2021-08-02,11.345999717712402
ENGI.PA,2021-08-03,11.482000350952148
ENGI.PA,2021-08-04,11.517999649047852
ENGI.PA,2021-08-05,11.621999740600586
ENGI.PA,2021-08-06,11.649999618530272
ENGI.PA,2021-08-07,11.651333173116049
ENGI.PA,2021-08-08,11.652666727701822
ENGI.PA,2021-08-09,11.654000282287598
ENGI.PA,2021-08-10,11.682000160217283
ENGI.PA,2021-08-11,11.800000190734863
ENGI.PA,2021-08-12,11.793999671936035
ENGI.PA,2021-08-13,11.92199993133545
ENGI.PA,2021-08-14,11.931999842325846
ENGI.PA,2021-08-15,11.941999753316244
ENGI.PA,2021-08-16,11.95199966430664
ENGI.PA,2021-08-17,11.949999809265137
ENGI.PA,2021-08-18,12.14799976348877
ENGI.PA,2021-08-19,12.163999557495115
ENGI.PA,2021-08-20,12.338000297546388
ENGI.PA,2021-08-21,12.330666859944664
ENGI.PA,2021-08-22,12.323333422342936
ENGI.PA,2021-08-23,12.315999984741213
ENGI.PA,2021-08-24,12.37399959564209
ENGI.PA,2021-08-25,12.211999893188477
ENGI.PA,2021-08-26,12.04800033569336
ENGI.PA,2021-08-27,12.034000396728516
ENGI.PA,2021-08-28,12.049333572387695
ENGI.PA,2021-08-29,12.064666748046877
ENGI.PA,2021-08-30,12.079999923706056
ENGI.PA,2021-08-31,12.131999969482422
ENGI.PA,2021-09-01,12.255999565124512
ENGI.PA,2021-09-02,12.09000015258789
ENGI.PA,2021-09-03,11.994000434875488
ENGI.PA,2021-09-04,12.014666875203451
ENGI.PA,2021-09-05,12.035333315531414
ENGI.PA,2021-09-06,12.055999755859377
ENGI.PA,2021-09-07,11.887999534606934
ENGI.PA,2021-09-08,12.027999877929688
ENGI.PA,2021-09-09,12.003999710083008
ENGI.PA,2021-09-10,11.758000373840332
ENGI.PA,2021-09-11,11.829333623250326
ENGI.PA,2021-09-12,11.900666872660318
ENGI.PA,2021-09-13,11.972000122070312
ENGI.PA,2021-09-14,11.986000061035156
ENGI.PA,2021-09-15,11.770000457763672
ENGI.PA,2021-09-16,11.763999938964844
ENGI.PA,2021-09-17,11.833999633789062
ENGI.PA,2021-09-18,11.80466651916504
ENGI.PA,2021-09-19,11.775333404541016
ENGI.PA,2021-09-20,11.746000289916992
ENGI.PA,2021-09-21,11.75
ENGI.PA,2021-09-22,11.630000114440918
ENGI.PA,2021-09-23,11.758000373840332
ENGI.PA,2021-09-24,11.699999809265137
ENGI.PA,2021-09-25,11.74133332570394
ENGI.PA,2021-09-26,11.782666842142742
ENGI.PA,2021-09-27,11.824000358581545
ENGI.PA,2021-09-28,11.6899995803833
ENGI.PA,2021-09-29,11.618000030517578
ENGI.PA,2021-09-30,11.342000007629396
ENGI.PA,2021-10-01,11.62399959564209
ENGI.PA,2021-10-02,11.648666381835938
ENGI.PA,2021-10-03,11.673333168029783
ENGI.PA,2021-10-04,11.697999954223633
ENGI.PA,2021-10-05,11.85200023651123
ENGI.PA,2021-10-06,11.656000137329102
ENGI.PA,2021-10-07,11.70400047302246
ENGI.PA,2021-10-08,11.597999572753906
ENGI.PA,2021-10-09,11.588666280110678
ENGI.PA,2021-10-10,11.579332987467447
ENGI.PA,2021-10-11,11.56999969482422
ENGI.PA,2021-10-12,11.552000045776367
ENGI.PA,2021-10-13,11.628000259399414
ENGI.PA,2021-10-14,11.543999671936035
ENGI.PA,2021-10-15,11.654000282287598
ENGI.PA,2021-10-16,11.636000315348308
ENGI.PA,2021-10-17,11.618000348409018
ENGI.PA,2021-10-18,11.600000381469728
ENGI.PA,2021-10-19,11.817999839782717
ENGI.PA,2021-10-20,12.001999855041504
ENGI.PA,2021-10-21,12.097999572753906
ENGI.PA,2021-10-22,12.161999702453612
ENGI.PA,2021-10-23,12.136666615804035
ENGI.PA,2021-10-24,12.11133352915446
ENGI.PA,2021-10-25,12.086000442504885
ENGI.PA,2021-10-26,12.19200038909912
ENGI.PA,2021-10-27,12.329999923706056
ENGI.PA,2021-10-28,12.394000053405762
ENGI.PA,2021-10-29,12.29599952697754
ENGI.PA,2021-10-30,12.331333160400392
ENGI.PA,2021-10-31,12.366666793823242
ENGI.PA,2021-11-01,12.402000427246094
ENGI.PA,2021-11-02,12.489999771118164
ENGI.PA,2021-11-03,12.460000038146973
ENGI.PA,2021-11-04,12.65999984741211
ENGI.PA,2021-11-05,12.710000038146973
ENGI.PA,2021-11-06,12.7193333307902
ENGI.PA,2021-11-07,12.728666623433432
ENGI.PA,2021-11-08,12.73799991607666
ENGI.PA,2021-11-09,12.718000411987305
ENGI.PA,2021-11-10,12.859999656677246
ENGI.PA,2021-11-11,13.154000282287598
ENGI.PA,2021-11-12,13.15999984741211
ENGI.PA,2021-11-13,13.232000033060707
ENGI.PA,2021-11-14,13.30400021870931
ENGI.PA,2021-11-15,13.37600040435791
ENGI.PA,2021-11-16,13.477999687194824
ENGI.PA,2021-11-17,13.461999893188477
ENGI.PA,2021-11-18,13.350000381469728
ENGI.PA,2021-11-19,13.112000465393066
ENGI.PA,2021-11-20,13.088000297546388
ENGI.PA,2021-11-21,13.064000129699709
ENGI.PA,2021-11-22,13.039999961853027
ENGI.PA,2021-11-23,13.06999969482422
ENGI.PA,2021-11-24,13.064000129699709
ENGI.PA,2021-11-25,13.227999687194824
ENGI.PA,2021-11-26,12.79599952697754
ENGI.PA,2021-11-27,12.82866636912028
ENGI.PA,2021-11-28,12.86133321126302
ENGI.PA,2021-11-29,12.894000053405762
ENGI.PA,2021-11-30,12.8100004196167
ENGI.PA,2021-12-01,13.0
ENGI.PA,2021-12-02,12.84000015258789
ENGI.PA,2021-12-03,12.97599983215332
ENGI.PA,2021-12-04,13.020666440327965
ENGI.PA,2021-12-05,13.065333048502604
ENGI.PA,2021-12-06,13.109999656677246
ENGI.PA,2021-12-07,13.19200038909912
ENGI.PA,2021-12-08,13.133999824523926
ENGI.PA,2021-12-09,13.166000366210938
ENGI.PA,2021-12-10,13.065999984741213
ENGI.PA,2021-12-11,13.013333320617676
ENGI.PA,2021-12-12,12.96066665649414
ENGI.PA,2021-12-13,12.907999992370604
ENGI.PA,2021-12-14,12.878000259399414
ENGI.PA,2021-12-15,12.960000038146973
ENGI.PA,2021-12-16,13.0
ENGI.PA,2021-12-17,12.958000183105469
ENGI.PA,2021-12-18,12.89133358001709
ENGI.PA,2021-12-19,12.824666976928713
ENGI.PA,2021-12-20,12.758000373840332
ENGI.PA,2021-12-21,12.95199966430664
ENGI.PA,2021-12-22,12.862000465393066
ENGI.PA,2021-12-23,12.88599967956543
ENGI.PA,2021-12-24,12.868000030517578
ENGI.PA,2021-12-25,12.8853333791097
ENGI.PA,2021-12-26,12.902666727701822
ENGI.PA,2021-12-27,12.920000076293944
ENGI.PA,2021-12-28,13.12399959564209
ENGI.PA,2021-12-29,13.14799976348877
ENGI.PA,2021-12-30,13.071999549865724
ENGI.PA,2021-12-31,13.013999938964844
ENGI.PA,2022-01-01,13.07266648610433
ENGI.PA,2022-01-02,13.131333033243816
ENGI.PA,2022-01-03,13.1899995803833
ENGI.PA,2022-01-04,13.34000015258789
ENGI.PA,2022-01-05,13.279999732971191
ENGI.PA,2022-01-06,13.199999809265137
ENGI.PA,2022-01-07,13.25
ENGI.PA,2022-01-08,13.277999877929688
ENGI.PA,2022-01-09,13.305999755859377
ENGI.PA,2022-01-10,13.333999633789062
ENGI.PA,2022-01-11,13.538000106811523
ENGI.PA,2022-01-12,13.755999565124512
ENGI.PA,2022-01-13,13.88599967956543
ENGI.PA,2022-01-14,13.88599967956543
ENGI.PA,2022-01-15,13.87399991353353
ENGI.PA,2022-01-16,13.862000147501629
ENGI.PA,2022-01-17,13.850000381469728
ENGI.PA,2022-01-18,13.753999710083008
ENGI.PA,2022-01-19,13.503999710083008
ENGI.PA,2022-01-20,13.732000350952148
ENGI.PA,2022-01-21,13.54599952697754
ENGI.PA,2022-01-22,13.421332995096844
ENGI.PA,2022-01-23,13.296666463216146
ENGI.PA,2022-01-24,13.17199993133545
ENGI.PA,2022-01-25,13.130000114440918
ENGI.PA,2022-01-26,13.37399959564209
ENGI.PA,2022-01-27,13.67199993133545
ENGI.PA,2022-01-28,13.55799961090088
ENGI.PA,2022-01-29,13.556666374206545
ENGI.PA,2022-01-30,13.555333137512209
G.MI,2021-04-08,17.104999542236328
G.MI,2021-04-09,16.96500015258789
G.MI,2021-04-10,17.0
G.MI,2021-04-11,17.03499984741211
G.MI,2021-04-12,17.06999969482422
G.MI,2021-04-13,17.084999084472656
G.MI,2021-04-14,17.084999084472656
G.MI,2021-04-15,17.024999618530273
G.MI,2021-04-16,17.1200008392334
G.MI,2021-04-17,17.155000686645508
G.MI,2021-04-18,17.190000534057617
G.MI,2021-04-19,17.225000381469727
G.MI,2021-04-20,16.75
G.MI,2021-04-21,16.844999313354492
G.MI,2021-04-22,16.834999084472656
G.MI,2021-04-23,16.825000762939453
G.MI,2021-04-24,16.84166717529297
G.MI,2021-04-25,16.858333587646484
G.MI,2021-04-26,16.875
G.MI,2021-04-27,16.825000762939453
G.MI,2021-04-28,16.924999237060547
G.MI,2021-04-29,16.780000686645508
G.MI,2021-04-30,16.684999465942383
G.MI,2021-05-01,16.78999964396159
G.MI,2021-05-02,16.894999821980793
G.MI,2021-05-03,17.0
G.MI,2021-05-04,16.84000015258789
G.MI,2021-05-05,17.049999237060547
G.MI,2021-05-06,17.219999313354492
G.MI,2021-05-07,17.3700008392334
G.MI,2021-05-08,17.43333371480306
G.MI,2021-05-09,17.496666590372723
G.MI,2021-05-10,17.559999465942383
G.MI,2021-05-11,17.40999984741211
G.MI,2021-05-12,17.479999542236328
G.MI,2021-05-13,17.540000915527344
G.MI,2021-05-14,17.639999389648438
G.MI,2021-05-15,17.641666412353516
G.MI,2021-05-16,17.643333435058594
G.MI,2021-05-17,17.645000457763672
G.MI,2021-05-18,17.68000030517578
G.MI,2021-05-19,17.434999465942383
G.MI,2021-05-20,17.44499969482422
G.MI,2021-05-21,17.65999984741211
G.MI,2021-05-22,17.406666437784832
G.MI,2021-05-23,17.15333302815755
G.MI,2021-05-24,16.899999618530273
G.MI,2021-05-25,16.739999771118164
G.MI,2021-05-26,16.559999465942383
G.MI,2021-05-27,16.704999923706055
G.MI,2021-05-28,16.844999313354492
G.MI,2021-05-29,16.834999720255535
G.MI,2021-05-30,16.825000127156574
G.MI,2021-05-31,16.815000534057617
G.MI,2021-06-01,16.93000030517578
G.MI,2021-06-02,16.950000762939453
G.MI,2021-06-03,17.084999084472656
G.MI,2021-06-04,17.084999084472656
G.MI,2021-06-05,17.139999389648438
G.MI,2021-06-06,17.19499969482422
G.MI,2021-06-07,17.25
G.MI,2021-06-08,17.225000381469727
G.MI,2021-06-09,17.18000030517578
G.MI,2021-06-10,17.125
G.MI,2021-06-11,17.139999389648438
G.MI,2021-06-12,17.143332799275715
G.MI,2021-06-13,17.146666208902996
G.MI,2021-06-14,17.149999618530273
G.MI,2021-06-15,17.18000030517578
G.MI,2021-06-16,17.165000915527344
G.MI,2021-06-17,17.239999771118164
G.MI,2021-06-18,16.889999389648438
G.MI,2021-06-19,16.904999415079754
G.MI,2021-06-20,16.919999440511067
G.MI,2021-06-21,16.934999465942383
G.MI,2021-06-22,16.885000228881836
G.MI,2021-06-23,16.655000686645508
G.MI,2021-06-24,16.93000030517578
G.MI,2021-06-25,17.014999389648438
G.MI,2021-06-26,16.926666259765625
G.MI,2021-06-27,16.838333129882812
G.MI,2021-06-28,16.75
G.MI,2021-06-29,16.809999465942383
G.MI,2021-06-30,16.905000686645508
G.MI,2021-07-01,17.065000534057617
G.MI,2021-07-02,17.0
G.MI,2021-07-03,17.048333485921223
G.MI,2021-07-04,17.09666697184245
G.MI,2021-07-05,17.145000457763672
G.MI,2021-07-06,16.84000015258789
G.MI,2021-07-07,16.934999465942383
G.MI,2021-07-08,16.56999969482422
G.MI,2021-07-09,16.885000228881836
G.MI,2021-07-10,16.924999872843426
G.MI,2021-07-11,16.964999516805012
G.MI,2021-07-12,17.0049991607666
G.MI,2021-07-13,17.010000228881836
G.MI,2021-07-14,16.924999237060547
G.MI,2021-07-15,16.799999237060547
G.MI,2021-07-16,16.735000610351562
G.MI,2021-07-17,16.565000534057617
G.MI,2021-07-18,16.395000457763672
G.MI,2021-07-19,16.225000381469727
G.MI,2021-07-20,16.389999389648438
G.MI,2021-07-21,16.7450008392334
G.MI,2021-07-22,16.790000915527344
G.MI,2021-07-23,16.735000610351562
G.MI,2021-07-24,16.77166684468587
G.MI,2021-07-25,16.808333079020183
G.MI,2021-07-26,16.844999313354492
G.MI,2021-07-27,16.7549991607666
G.MI,2021-07-28,16.790000915527344
G.MI,2021-07-29,16.815000534057617
G.MI,2021-07-30,16.850000381469727
G.MI,2021-07-31,16.850000381469727
G.MI,2021-08-01,16.850000381469727
G.MI,2021-08-02,16.850000381469727
G.MI,2021-08-03,16.674999237060547
G.MI,2021-08-04,16.575000762939453
G.MI,2021-08-05,16.625
G.MI,2021-08-06,16.8799991607666
G.MI,2021-08-07,16.90833282470703
G.MI,2021-08-08,16.93666648864746
G.MI,2021-08-09,16.96500015258789
G.MI,2021-08-10,17.030000686645508
G.MI,2021-08-11,17.19499969482422
G.MI,2021-08-12,17.315000534057617
G.MI,2021-08-13,17.375
G.MI,2021-08-14,17.34166653951009
G.MI,2021-08-15,17.308333079020183
G.MI,2021-08-16,17.274999618530273
G.MI,2021-08-17,17.18000030517578
G.MI,2021-08-18,17.280000686645508
G.MI,2021-08-19,17.06999969482422
G.MI,2021-08-20,17.065000534057617
G.MI,2021-08-21,17.095000584920246
G.MI,2021-08-22,17.12500063578288
G.MI,2021-08-23,17.155000686645508
G.MI,2021-08-24,17.125
G.MI,2021-08-25,17.1299991607666
G.MI,2021-08-26,17.079999923706055
G.MI,2021-08-27,17.149999618530273
G.MI,2021-08-28,17.138333002726238
G.MI,2021-08-29,17.1266663869222
G.MI,2021-08-30,17.114999771118164
G.MI,2021-08-31,17.270000457763672
G.MI,2021-09-01,17.350000381469727
G.MI,2021-09-02,17.3700008392334
G.MI,2021-09-03,17.31999969482422
G.MI,2021-09-04,17.391666412353516
G.MI,2021-09-05,17.463333129882812
G.MI,2021-09-06,17.53499984741211
G.MI,2021-09-07,17.53499984741211
G.MI,2021-09-08,17.65999984741211
G.MI,2021-09-09,17.7450008392334
G.MI,2021-09-10,17.43000030517578
G.MI,2021-09-11,17.503333409627277
G.MI,2021-09-12,17.576666514078777
G.MI,2021-09-13,17.649999618530273
G.MI,2021-09-14,17.600000381469727
G.MI,2021-09-15,17.71500015258789
G.MI,2021-09-16,17.8700008392334
G.MI,2021-09-17,17.684999465942383
G.MI,2021-09-18,17.606666564941406
G.MI,2021-09-19,17.52833366394043
G.MI,2021-09-20,17.450000762939453
G.MI,2021-09-21,17.71500015258789
G.MI,2021-09-22,17.979999542236328
G.MI,2021-09-23,18.125
G.MI,2021-09-24,18.32999992370605
G.MI,2021-09-25,18.4283332824707
G.MI,2021-09-26,18.52666664123535
G.MI,2021-09-27,18.625
G.MI,2021-09-28,18.25
G.MI,2021-09-29,18.420000076293945
G.MI,2021-09-30,18.38999938964844
G.MI,2021-10-01,18.40999984741211
G.MI,2021-10-02,18.398333231608078
G.MI,2021-10-03,18.386666615804035
G.MI,2021-10-04,18.375
G.MI,2021-10-05,18.7450008392334
G.MI,2021-10-06,18.584999084472656
G.MI,2021-10-07,18.76000022888184
G.MI,2021-10-08,18.795000076293945
G.MI,2021-10-09,18.828333536783852
G.MI,2021-10-10,18.86166699727376
G.MI,2021-10-11,18.895000457763672
G.MI,2021-10-12,18.989999771118164
G.MI,2021-10-13,18.709999084472656
G.MI,2021-10-14,18.725000381469727
G.MI,2021-10-15,18.790000915527344
G.MI,2021-10-16,18.661667505900063
G.MI,2021-10-17,18.533334096272785
G.MI,2021-10-18,18.405000686645508
G.MI,2021-10-19,18.48500061035156
G.MI,2021-10-20,18.63999938964844
G.MI,2021-10-21,18.575000762939453
G.MI,2021-10-22,18.614999771118164
G.MI,2021-10-23,18.64000002543132
G.MI,2021-10-24,18.665000279744465
G.MI,2021-10-25,18.690000534057617
G.MI,2021-10-26,18.81999969482422
G.MI,2021-10-27,18.7549991607666
G.MI,2021-10-28,18.84000015258789
G.MI,2021-10-29,18.850000381469727
G.MI,2021-10-30,18.886666615804035
G.MI,2021-10-31,18.923332850138348
G.MI,2021-11-01,18.959999084472656
G.MI,2021-11-02,18.979999542236328
G.MI,2021-11-03,19.075000762939453
G.MI,2021-11-04,18.9950008392334
G.MI,2021-11-05,19.104999542236328
G.MI,2021-11-06,19.06166648864746
G.MI,2021-11-07,19.018333435058597
G.MI,2021-11-08,18.975000381469727
G.MI,2021-11-09,18.98500061035156
G.MI,2021-11-10,19.020000457763672
G.MI,2021-11-11,19.14999961853028
G.MI,2021-11-12,19.13500022888184
G.MI,2021-11-13,19.17000007629395
G.MI,2021-11-14,19.20499992370605
G.MI,2021-11-15,19.239999771118164
G.MI,2021-11-16,18.76499938964844
G.MI,2021-11-17,18.76499938964844
G.MI,2021-11-18,18.600000381469727
G.MI,2021-11-19,18.28499984741211
G.MI,2021-11-20,18.3233331044515
G.MI,2021-11-21,18.361666361490887
G.MI,2021-11-22,18.39999961853028
G.MI,2021-11-23,18.3700008392334
G.MI,2021-11-24,18.39999961853028
G.MI,2021-11-25,18.31999969482422
G.MI,2021-11-26,17.65999984741211
G.MI,2021-11-27,17.706666310628254
G.MI,2021-11-28,17.753332773844402
G.MI,2021-11-29,17.799999237060547
G.MI,2021-11-30,17.729999542236328
G.MI,2021-12-01,18.1299991607666
G.MI,2021-12-02,18.040000915527344
G.MI,2021-12-03,18.190000534057617
G.MI,2021-12-04,18.33000055948893
G.MI,2021-12-05,18.47000058492025
G.MI,2021-12-06,18.61000061035156
G.MI,2021-12-07,18.700000762939453
G.MI,2021-12-08,18.4950008392334
G.MI,2021-12-09,18.584999084472656
G.MI,2021-12-10,18.5
G.MI,2021-12-11,18.49500020345052
G.MI,2021-12-12,18.49000040690104
G.MI,2021-12-13,18.48500061035156
G.MI,2021-12-14,18.450000762939453
G.MI,2021-12-15,18.5
G.MI,2021-12-16,18.63999938964844
G.MI,2021-12-17,18.4950008392334
G.MI,2021-12-18,18.45333417256673
G.MI,2021-12-19,18.411667505900063
G.MI,2021-12-20,18.3700008392334
G.MI,2021-12-21,18.270000457763672
G.MI,2021-12-22,18.38999938964844
G.MI,2021-12-23,18.63500022888184
G.MI,2021-12-24,18.61374998092652
G.MI,2021-12-25,18.59249973297119
G.MI,2021-12-26,18.57124948501587
G.MI,2021-12-27,18.549999237060547
G.MI,2021-12-28,18.75
G.MI,2021-12-29,18.68000030517578
G.MI,2021-12-30,18.6299991607666
G.MI,2021-12-31,18.67749929428101
G.MI,2022-01-01,18.72499942779541
G.MI,2022-01-02,18.77249956130981
G.MI,2022-01-03,18.81999969482422
G.MI,2022-01-04,19.0049991607666
G.MI,2022-01-05,18.895000457763672
G.MI,2022-01-06,18.46500015258789
G.MI,2022-01-07,18.56999969482422
G.MI,2022-01-08,18.53333282470703
G.MI,2022-01-09,18.496665954589844
G.MI,2022-01-10,18.459999084472656
G.MI,2022-01-11,18.59000015258789
G.MI,2022-01-12,18.7450008392334
G.MI,2022-01-13,18.725000381469727
G.MI,2022-01-14,18.440000534057617
G.MI,2022-01-15,18.48666699727376
G.MI,2022-01-16,18.533333460489903
G.MI,2022-01-17,18.57999992370605
G.MI,2022-01-18,18.854999542236328
G.MI,2022-01-19,18.71999931335449
G.MI,2022-01-20,18.875
G.MI,2022-01-21,18.270000457763672
G.MI,2022-01-22,18.113333384195965
G.MI,2022-01-23,17.956666310628254
G.MI,2022-01-24,17.799999237060547
G.MI,2022-01-25,17.895000457763672
G.MI,2022-01-26,18.049999237060547
G.MI,2022-01-27,18.280000686645508
G.MI,2022-01-28,18.26499938964844
G.MI,2022-01-29,18.369999567667644
G.MI,2022-01-30,18.474999745686848
RACE.MI,2021-04-08,175.1999969482422
RACE.MI,2021-04-09,174.0
RACE.MI,2021-04-10,174.70000203450522
RACE.MI,2021-04-11,175.4000040690104
RACE.MI,2021-04-12,176.10000610351562
RACE.MI,2021-04-13,176.35000610351562
RACE.MI,2021-04-14,174.14999389648438
RACE.MI,2021-04-15,175.8000030517578
RACE.MI,2021-04-16,176.89999389648438
RACE.MI,2021-04-17,176.31666056315103
RACE.MI,2021-04-18,175.73332722981772
RACE.MI,2021-04-19,175.14999389648438
RACE.MI,2021-04-20,172.85000610351562
RACE.MI,2021-04-21,177.0500030517578
RACE.MI,2021-04-22,177.89999389648438
RACE.MI,2021-04-23,178.0
RACE.MI,2021-04-24,178.45000203450522
RACE.MI,2021-04-25,178.9000040690104
RACE.MI,2021-04-26,179.35000610351562
RACE.MI,2021-04-27,180.6999969482422
RACE.MI,2021-04-28,179.8000030517578
RACE.MI,2021-04-29,178.60000610351562
RACE.MI,2021-04-30,178.14999389648438
RACE.MI,2021-05-01,179.66666158040366
RACE.MI,2021-05-02,181.1833292643229
RACE.MI,2021-05-03,182.6999969482422
RACE.MI,2021-05-04,168.0500030517578
RACE.MI,2021-05-05,170.64999389648438
RACE.MI,2021-05-06,165.85000610351562
RACE.MI,2021-05-07,165.5
RACE.MI,2021-05-08,165.41666666666666
RACE.MI,2021-05-09,165.33333333333334
RACE.MI,2021-05-10,165.25
RACE.MI,2021-05-11,162.5
RACE.MI,2021-05-12,163.6999969482422
RACE.MI,2021-05-13,162.75
RACE.MI,2021-05-14,163.25
RACE.MI,2021-05-15,163.91666666666666
RACE.MI,2021-05-16,164.58333333333334
RACE.MI,2021-05-17,165.25
RACE.MI,2021-05-18,167.6999969482422
RACE.MI,2021-05-19,166.0
RACE.MI,2021-05-20,169.75
RACE.MI,2021-05-21,173.14999389648438
RACE.MI,2021-05-22,173.4499969482422
RACE.MI,2021-05-23,173.75
RACE.MI,2021-05-24,174.0500030517578
RACE.MI,2021-05-25,174.1999969482422
RACE.MI,2021-05-26,174.14999389648438
RACE.MI,2021-05-27,173.1999969482422
RACE.MI,2021-05-28,173.10000610351562
RACE.MI,2021-05-29,173.0500030517578
RACE.MI,2021-05-30,173.0
RACE.MI,2021-05-31,172.9499969482422
RACE.MI,2021-06-01,173.39999389648438
RACE.MI,2021-06-02,174.35000610351562
RACE.MI,2021-06-03,177.89999389648438
RACE.MI,2021-06-04,178.9499969482422
RACE.MI,2021-06-05,179.3999989827474
RACE.MI,2021-06-06,179.8500010172526
RACE.MI,2021-06-07,180.3000030517578
RACE.MI,2021-06-08,179.5500030517578
RACE.MI,2021-06-09,174.8000030517578
RACE.MI,2021-06-10,173.89999389648438
RACE.MI,2021-06-11,174.0
RACE.MI,2021-06-12,172.08333333333334
RACE.MI,2021-06-13,170.16666666666666
RACE.MI,2021-06-14,168.25
RACE.MI,2021-06-15,167.85000610351562
RACE.MI,2021-06-16,166.39999389648438
RACE.MI,2021-06-17,169.60000610351562
RACE.MI,2021-06-18,169.10000610351562
RACE.MI,2021-06-19,169.58333841959634
RACE.MI,2021-06-20,170.0666707356771
RACE.MI,2021-06-21,170.5500030517578
RACE.MI,2021-06-22,168.6999969482422
RACE.MI,2021-06-23,167.3000030517578
RACE.MI,2021-06-24,169.75
RACE.MI,2021-06-25,170.4499969482422
RACE.MI,2021-06-26,170.83333333333334
RACE.MI,2021-06-27,171.21666971842447
RACE.MI,2021-06-28,171.60000610351562
RACE.MI,2021-06-29,173.5
RACE.MI,2021-06-30,174.0
RACE.MI,2021-07-01,171.6999969482422
RACE.MI,2021-07-02,173.9499969482422
RACE.MI,2021-07-03,173.66666666666666
RACE.MI,2021-07-04,173.38333638509116
RACE.MI,2021-07-05,173.10000610351562
RACE.MI,2021-07-06,174.39999389648438
RACE.MI,2021-07-07,174.85000610351562
RACE.MI,2021-07-08,173.6999969482422
RACE.MI,2021-07-09,176.0
RACE.MI,2021-07-10,176.43333435058594
RACE.MI,2021-07-11,176.86666870117188
RACE.MI,2021-07-12,177.3000030517578
RACE.MI,2021-07-13,177.25
RACE.MI,2021-07-14,177.89999389648438
RACE.MI,2021-07-15,173.6999969482422
RACE.MI,2021-07-16,175.85000610351562
RACE.MI,2021-07-17,175.0666707356771
RACE.MI,2021-07-18,174.28333536783853
RACE.MI,2021-07-19,173.5
RACE.MI,2021-07-20,172.4499969482422
RACE.MI,2021-07-21,174.64999389648438
RACE.MI,2021-07-22,174.89999389648438
RACE.MI,2021-07-23,179.1999969482422
RACE.MI,2021-07-24,179.29999796549478
RACE.MI,2021-07-25,179.3999989827474
RACE.MI,2021-07-26,179.5
RACE.MI,2021-07-27,178.0500030517578
RACE.MI,2021-07-28,179.39999389648438
RACE.MI,2021-07-29,180.9499969482422
RACE.MI,2021-07-30,183.8500061035156
RACE.MI,2021-07-31,182.7000020345052
RACE.MI,2021-08-01,181.5499979654948
RACE.MI,2021-08-02,180.3999938964844
RACE.MI,2021-08-03,175.64999389648438
RACE.MI,2021-08-04,178.3000030517578
RACE.MI,2021-08-05,184.25
RACE.MI,2021-08-06,187.5500030517578
RACE.MI,2021-08-07,187.93333435058597
RACE.MI,2021-08-08,188.3166656494141
RACE.MI,2021-08-09,188.6999969482422
RACE.MI,2021-08-10,188.6999969482422
RACE.MI,2021-08-11,190.5
RACE.MI,2021-08-12,190.6999969482422
RACE.MI,2021-08-13,192.1000061035156
RACE.MI,2021-08-14,191.7000020345052
RACE.MI,2021-08-15,191.2999979654948
RACE.MI,2021-08-16,190.8999938964844
RACE.MI,2021-08-17,189.3000030517578
RACE.MI,2021-08-18,187.4499969482422
RACE.MI,2021-08-19,182.1999969482422
RACE.MI,2021-08-20,181.5
RACE.MI,2021-08-21,182.21666463216147
RACE.MI,2021-08-22,182.9333292643229
RACE.MI,2021-08-23,183.6499938964844
RACE.MI,2021-08-24,183.3000030517578
RACE.MI,2021-08-25,184.25
RACE.MI,2021-08-26,182.8999938964844
RACE.MI,2021-08-27,183.1000061035156
RACE.MI,2021-08-28,183.4500020345052
RACE.MI,2021-08-29,183.7999979654948
RACE.MI,2021-08-30,184.1499938964844
RACE.MI,2021-08-31,183.6999969482422
RACE.MI,2021-09-01,184.75
RACE.MI,2021-09-02,185.3000030517578
RACE.MI,2021-09-03,184.3000030517578
RACE.MI,2021-09-04,185.01666768391928
RACE.MI,2021-09-05,185.73333231608072
RACE.MI,2021-09-06,186.4499969482422
RACE.MI,2021-09-07,186.0500030517578
RACE.MI,2021-09-08,186.3500061035156
RACE.MI,2021-09-09,187.25
RACE.MI,2021-09-10,186.0
RACE.MI,2021-09-11,185.46666463216147
RACE.MI,2021-09-12,184.9333292643229
RACE.MI,2021-09-13,184.3999938964844
RACE.MI,2021-09-14,187.8000030517578
RACE.MI,2021-09-15,187.1999969482422
RACE.MI,2021-09-16,187.6000061035156
RACE.MI,2021-09-17,184.3999938964844
RACE.MI,2021-09-18,183.48332722981772
RACE.MI,2021-09-19,182.56666056315103
RACE.MI,2021-09-20,181.6499938964844
RACE.MI,2021-09-21,183.6000061035156
RACE.MI,2021-09-22,183.6999969482422
RACE.MI,2021-09-23,184.3000030517578
RACE.MI,2021-09-24,184.75
RACE.MI,2021-09-25,184.6499989827474
RACE.MI,2021-09-26,184.5499979654948
RACE.MI,2021-09-27,184.4499969482422
RACE.MI,2021-09-28,180.8500061035156
RACE.MI,2021-09-29,180.3999938964844
RACE.MI,2021-09-30,180.9499969482422
RACE.MI,2021-10-01,179.75
RACE.MI,2021-10-02,179.03333536783853
RACE.MI,2021-10-03,178.3166707356771
RACE.MI,2021-10-04,177.60000610351562
RACE.MI,2021-10-05,180.6499938964844
RACE.MI,2021-10-06,179.14999389648438
RACE.MI,2021-10-07,183.0500030517578
RACE.MI,2021-10-08,184.5
RACE.MI,2021-10-09,185.33333333333331
RACE.MI,2021-10-10,186.16666666666663
RACE.MI,2021-10-11,187.0
RACE.MI,2021-10-12,187.4499969482422
RACE.MI,2021-10-13,185.1000061035156
RACE.MI,2021-10-14,189.3000030517578
RACE.MI,2021-10-15,192.1499938964844
RACE.MI,2021-10-16,191.8499959309896
RACE.MI,2021-10-17,191.5499979654948
RACE.MI,2021-10-18,191.25
RACE.MI,2021-10-19,193.3999938964844
RACE.MI,2021-10-20,192.0500030517578
RACE.MI,2021-10-21,193.0
RACE.MI,2021-10-22,191.6499938964844
RACE.MI,2021-10-23,194.26666259765628
RACE.MI,2021-10-24,196.88333129882807
RACE.MI,2021-10-25,199.5
RACE.MI,2021-10-26,200.3000030517578
RACE.MI,2021-10-27,199.0
RACE.MI,2021-10-28,203.5
RACE.MI,2021-10-29,205.0
RACE.MI,2021-10-30,206.86666870117188
RACE.MI,2021-10-31,208.7333374023437
RACE.MI,2021-11-01,210.6000061035156
RACE.MI,2021-11-02,213.1000061035156
RACE.MI,2021-11-03,221.6000061035156
RACE.MI,2021-11-04,223.6999969482422
RACE.MI,2021-11-05,228.8000030517578
RACE.MI,2021-11-06,228.03333536783853
RACE.MI,2021-11-07,227.26666768391928
RACE.MI,2021-11-08,226.5
RACE.MI,2021-11-09,221.6999969482422
RACE.MI,2021-11-10,222.1000061035156
RACE.MI,2021-11-11,223.3999938964844
RACE.MI,2021-11-12,228.0
RACE.MI,2021-11-13,227.73333231608072
RACE.MI,2021-11-14,227.46666463216147
RACE.MI,2021-11-15,227.1999969482422
RACE.MI,2021-11-16,228.6999969482422
RACE.MI,2021-11-17,236.1000061035156
RACE.MI,2021-11-18,234.5
RACE.MI,2021-11-19,239.6999969482422
RACE.MI,2021-11-20,241.8999989827474
RACE.MI,2021-11-21,244.1000010172526
RACE.MI,2021-11-22,246.3000030517578
RACE.MI,2021-11-23,237.0
RACE.MI,2021-11-24,237.3000030517578
RACE.MI,2021-11-25,238.8000030517578
RACE.MI,2021-11-26,231.3999938964844
RACE.MI,2021-11-27,232.86666361490887
RACE.MI,2021-11-28,234.33333333333331
RACE.MI,2021-11-29,235.8000030517578
RACE.MI,2021-11-30,231.6999969482422
RACE.MI,2021-12-01,232.5
RACE.MI,2021-12-02,230.5
RACE.MI,2021-12-03,229.3000030517578
RACE.MI,2021-12-04,229.7000020345052
RACE.MI,2021-12-05,230.1000010172526
RACE.MI,2021-12-06,230.5
RACE.MI,2021-12-07,237.5
RACE.MI,2021-12-08,234.8000030517578
RACE.MI,2021-12-09,232.8000030517578
RACE.MI,2021-12-10,229.1999969482422
RACE.MI,2021-12-11,229.23333231608072
RACE.MI,2021-12-12,229.26666768391928
RACE.MI,2021-12-13,229.3000030517578
RACE.MI,2021-12-14,225.0
RACE.MI,2021-12-15,229.1000061035156
RACE.MI,2021-12-16,228.8999938964844
RACE.MI,2021-12-17,227.3000030517578
RACE.MI,2021-12-18,224.86666870117188
RACE.MI,2021-12-19,222.43333435058597
RACE.MI,2021-12-20,220.0
RACE.MI,2021-12-21,220.3999938964844
RACE.MI,2021-12-22,221.3999938964844
RACE.MI,2021-12-23,223.6999969482422
RACE.MI,2021-12-24,224.37499618530276
RACE.MI,2021-12-25,225.04999542236328
RACE.MI,2021-12-26,225.72499465942383
RACE.MI,2021-12-27,226.3999938964844
RACE.MI,2021-12-28,227.6000061035156
RACE.MI,2021-12-29,225.8000030517578
RACE.MI,2021-12-30,227.5
RACE.MI,2021-12-31,227.67499923706052
RACE.MI,2022-01-01,227.8499984741211
RACE.MI,2022-01-02,228.02499771118164
RACE.MI,2022-01-03,228.1999969482422
RACE.MI,2022-01-04,235.1000061035156
RACE.MI,2022-01-05,236.8999938964844
RACE.MI,2022-01-06,229.1999969482422
RACE.MI,2022-01-07,225.1000061035156
RACE.MI,2022-01-08,223.7333374023437
RACE.MI,2022-01-09,222.36666870117188
RACE.MI,2022-01-10,221.0
RACE.MI,2022-01-11,223.8999938964844
RACE.MI,2022-01-12,226.3999938964844
RACE.MI,2022-01-13,222.0
RACE.MI,2022-01-14,213.3999938964844
RACE.MI,2022-01-15,213.4333292643229
RACE.MI,2022-01-16,213.46666463216147
RACE.MI,2022-01-17,213.5
RACE.MI,2022-01-18,209.0
RACE.MI,2022-01-19,210.8000030517578
RACE.MI,2022-01-20,214.1000061035156
RACE.MI,2022-01-21,207.6000061035156
RACE.MI,2022-01-22,204.38333638509116
RACE.MI,2022-01-23,201.16666666666663
RACE.MI,2022-01-24,197.9499969482422
RACE.MI,2022-01-25,200.5
RACE.MI,2022-01-26,203.5
RACE.MI,2022-01-27,200.3999938964844
RACE.MI,2022-01-28,200.5
RACE.MI,2022-01-29,201.2999979654948
RACE.MI,2022-01-30,202.0999959309896
SAN.PA,2021-04-08,84.70999908447266
SAN.PA,2021-04-09,85.05999755859375
SAN.PA,2021-04-10,84.93666585286458
SAN.PA,2021-04-11,84.81333414713542
SAN.PA,2021-04-12,84.69000244140625
SAN.PA,2021-04-13,84.06999969482422
SAN.PA,2021-04-14,84.0
SAN.PA,2021-04-15,84.61000061035156
SAN.PA,2021-04-16,85.01000213623047
SAN.PA,2021-04-17,85.41000111897786
SAN.PA,2021-04-18,85.81000010172527
SAN.PA,2021-04-19,86.20999908447266
SAN.PA,2021-04-20,86.05999755859375
SAN.PA,2021-04-21,86.83999633789062
SAN.PA,2021-04-22,86.55000305175781
SAN.PA,2021-04-23,85.33999633789062
SAN.PA,2021-04-24,85.35332997639973
SAN.PA,2021-04-25,85.36666361490886
SAN.PA,2021-04-26,85.37999725341797
SAN.PA,2021-04-27,85.4000015258789
SAN.PA,2021-04-28,87.47000122070312
SAN.PA,2021-04-29,86.83999633789062
SAN.PA,2021-04-30,87.2699966430664
SAN.PA,2021-05-01,87.07666524251302
SAN.PA,2021-05-02,86.88333384195964
SAN.PA,2021-05-03,86.69000244140625
SAN.PA,2021-05-04,86.8499984741211
SAN.PA,2021-05-05,84.58999633789062
SAN.PA,2021-05-06,84.30000305175781
SAN.PA,2021-05-07,85.44000244140625
SAN.PA,2021-05-08,85.75000254313152
SAN.PA,2021-05-09,86.06000264485677
SAN.PA,2021-05-10,86.37000274658203
SAN.PA,2021-05-11,85.1500015258789
SAN.PA,2021-05-12,86.0
SAN.PA,2021-05-13,86.5999984741211
SAN.PA,2021-05-14,86.72000122070312
SAN.PA,2021-05-15,87.02666727701823
SAN.PA,2021-05-16,87.33333333333333
SAN.PA,2021-05-17,87.63999938964844
SAN.PA,2021-05-18,87.2300033569336
SAN.PA,2021-05-19,86.80000305175781
SAN.PA,2021-05-20,88.0999984741211
SAN.PA,2021-05-21,88.2300033569336
SAN.PA,2021-05-22,88.21333567301433
SAN.PA,2021-05-23,88.19666798909505
SAN.PA,2021-05-24,88.18000030517578
SAN.PA,2021-05-25,87.94000244140625
SAN.PA,2021-05-26,88.66000366210938
SAN.PA,2021-05-27,86.87000274658203
SAN.PA,2021-05-28,87.95999908447266
SAN.PA,2021-05-29,87.62999979654948
SAN.PA,2021-05-30,87.3000005086263
SAN.PA,2021-05-31,86.97000122070312
SAN.PA,2021-06-01,85.86000061035156
SAN.PA,2021-06-02,85.51000213623047
SAN.PA,2021-06-03,85.4800033569336
SAN.PA,2021-06-04,86.08000183105469
SAN.PA,2021-06-05,86.11333465576172
SAN.PA,2021-06-06,86.14666748046875
SAN.PA,2021-06-07,86.18000030517578
SAN.PA,2021-06-08,85.33000183105469
SAN.PA,2021-06-09,86.5
SAN.PA,2021-06-10,88.20999908447266
SAN.PA,2021-06-11,88.9000015258789
SAN.PA,2021-06-12,88.89666748046875
SAN.PA,2021-06-13,88.8933334350586
SAN.PA,2021-06-14,88.88999938964844
SAN.PA,2021-06-15,88.86000061035156
SAN.PA,2021-06-16,88.97000122070312
SAN.PA,2021-06-17,88.88999938964844
SAN.PA,2021-06-18,87.9800033569336
SAN.PA,2021-06-19,88.06000264485677
SAN.PA,2021-06-20,88.14000193277995
SAN.PA,2021-06-21,88.22000122070312
SAN.PA,2021-06-22,87.7300033569336
SAN.PA,2021-06-23,87.12000274658203
SAN.PA,2021-06-24,87.5999984741211
SAN.PA,2021-06-25,88.25
SAN.PA,2021-06-26,88.53666687011719
SAN.PA,2021-06-27,88.82333374023438
SAN.PA,2021-06-28,89.11000061035156
SAN.PA,2021-06-29,88.33000183105469
SAN.PA,2021-06-30,88.36000061035156
SAN.PA,2021-07-01,88.45999908447266
SAN.PA,2021-07-02,87.9000015258789
SAN.PA,2021-07-03,87.56666819254558
SAN.PA,2021-07-04,87.23333485921223
SAN.PA,2021-07-05,86.9000015258789
SAN.PA,2021-07-06,86.7699966430664
SAN.PA,2021-07-07,86.80000305175781
SAN.PA,2021-07-08,85.77999877929688
SAN.PA,2021-07-09,87.22000122070312
SAN.PA,2021-07-10,87.74666849772136
SAN.PA,2021-07-11,88.27333577473958
SAN.PA,2021-07-12,88.80000305175781
SAN.PA,2021-07-13,88.7300033569336
SAN.PA,2021-07-14,88.66999816894531
SAN.PA,2021-07-15,87.1500015258789
SAN.PA,2021-07-16,87.87000274658203
SAN.PA,2021-07-17,87.50333404541016
SAN.PA,2021-07-18,87.13666534423828
SAN.PA,2021-07-19,86.7699966430664
SAN.PA,2021-07-20,87.08999633789062
SAN.PA,2021-07-21,87.02999877929688
SAN.PA,2021-07-22,87.52999877929688
SAN.PA,2021-07-23,88.06999969482422
SAN.PA,2021-07-24,87.9066670735677
SAN.PA,2021-07-25,87.7433344523112
SAN.PA,2021-07-26,87.58000183105469
SAN.PA,2021-07-27,87.12000274658203
SAN.PA,2021-07-28,87.58999633789062
SAN.PA,2021-07-29,86.5199966430664
SAN.PA,2021-07-30,86.87999725341797
SAN.PA,2021-07-31,86.83666483561198
SAN.PA,2021-08-01,86.79333241780598
SAN.PA,2021-08-02,86.75
SAN.PA,2021-08-03,86.44999694824219
SAN.PA,2021-08-04,84.5
SAN.PA,2021-08-05,85.12000274658203
SAN.PA,2021-08-06,86.25
SAN.PA,2021-08-07,86.51666768391927
SAN.PA,2021-08-08,86.78333536783855
SAN.PA,2021-08-09,87.05000305175781
SAN.PA,2021-08-10,86.56999969482422
SAN.PA,2021-08-11,86.62999725341797
SAN.PA,2021-08-12,87.33000183105469
SAN.PA,2021-08-13,87.44999694824219
SAN.PA,2021-08-14,87.64999898274739
SAN.PA,2021-08-15,87.85000101725261
SAN.PA,2021-08-16,88.05000305175781
SAN.PA,2021-08-17,89.29000091552734
SAN.PA,2021-08-18,89.6500015258789
SAN.PA,2021-08-19,90.16999816894533
SAN.PA,2021-08-20,90.7300033569336
SAN.PA,2021-08-21,90.3433354695638
SAN.PA,2021-08-22,89.95666758219402
SAN.PA,2021-08-23,89.56999969482422
SAN.PA,2021-08-24,88.58000183105469
SAN.PA,2021-08-25,88.04000091552734
SAN.PA,2021-08-26,88.44999694824219
SAN.PA,2021-08-27,88.18000030517578
SAN.PA,2021-08-28,88.13999938964844
SAN.PA,2021-08-29,88.0999984741211
SAN.PA,2021-08-30,88.05999755859375
SAN.PA,2021-08-31,87.62000274658203
SAN.PA,2021-09-01,88.12999725341797
SAN.PA,2021-09-02,88.19999694824219
SAN.PA,2021-09-03,87.8499984741211
SAN.PA,2021-09-04,87.83333333333333
SAN.PA,2021-09-05,87.81666819254558
SAN.PA,2021-09-06,87.80000305175781
SAN.PA,2021-09-07,86.94999694824219
SAN.PA,2021-09-08,84.79000091552734
SAN.PA,2021-09-09,83.30999755859375
SAN.PA,2021-09-10,81.87000274658203
SAN.PA,2021-09-11,81.74000295003255
SAN.PA,2021-09-12,81.61000315348308
SAN.PA,2021-09-13,81.4800033569336
SAN.PA,2021-09-14,81.81999969482422
SAN.PA,2021-09-15,81.3499984741211
SAN.PA,2021-09-16,81.66999816894531
SAN.PA,2021-09-17,81.55000305175781
SAN.PA,2021-09-18,81.70333607991536
SAN.PA,2021-09-19,81.85666910807292
SAN.PA,2021-09-20,82.01000213623047
SAN.PA,2021-09-21,82.2300033569336
SAN.PA,2021-09-22,82.7300033569336
SAN.PA,2021-09-23,82.86000061035156
SAN.PA,2021-09-24,82.0199966430664
SAN.PA,2021-09-25,82.05333201090495
SAN.PA,2021-09-26,82.08666737874348
SAN.PA,2021-09-27,82.12000274658203
SAN.PA,2021-09-28,81.70999908447266
SAN.PA,2021-09-29,83.70999908447266
SAN.PA,2021-09-30,83.08000183105469
SAN.PA,2021-10-01,82.61000061035156
SAN.PA,2021-10-02,82.75666809082031
SAN.PA,2021-10-03,82.90333557128906
SAN.PA,2021-10-04,83.05000305175781
SAN.PA,2021-10-05,83.45999908447266
SAN.PA,2021-10-06,82.94999694824219
SAN.PA,2021-10-07,83.9800033569336
SAN.PA,2021-10-08,84.30000305175781
SAN.PA,2021-10-09,84.43333435058594
SAN.PA,2021-10-10,84.56666564941406
SAN.PA,2021-10-11,84.69999694824219
SAN.PA,2021-10-12,83.51000213623047
SAN.PA,2021-10-13,83.52999877929688
SAN.PA,2021-10-14,84.12999725341797
SAN.PA,2021-10-15,83.83999633789062
SAN.PA,2021-10-16,83.44666544596355
SAN.PA,2021-10-17,83.05333455403645
SAN.PA,2021-10-18,82.66000366210938
SAN.PA,2021-10-19,82.62999725341797
SAN.PA,2021-10-20,84.43000030517578
SAN.PA,2021-10-21,83.94999694824219
SAN.PA,2021-10-22,85.11000061035156
SAN.PA,2021-10-23,85.25
SAN.PA,2021-10-24,85.38999938964844
SAN.PA,2021-10-25,85.52999877929688
SAN.PA,2021-10-26,85.6500015258789
SAN.PA,2021-10-27,85.7699966430664
SAN.PA,2021-10-28,85.98999786376953
SAN.PA,2021-10-29,86.43000030517578
SAN.PA,2021-10-30,87.05333455403645
SAN.PA,2021-10-31,87.67666880289714
SAN.PA,2021-11-01,88.30000305175781
SAN.PA,2021-11-02,89.61000061035156
SAN.PA,2021-11-03,90.23999786376952
SAN.PA,2021-11-04,89.69000244140625
SAN.PA,2021-11-05,88.45999908447266
SAN.PA,2021-11-06,88.37666575113933
SAN.PA,2021-11-07,88.29333241780598
SAN.PA,2021-11-08,88.20999908447266
SAN.PA,2021-11-09,88.61000061035156
SAN.PA,2021-11-10,89.81999969482422
SAN.PA,2021-11-11,89.88999938964844
SAN.PA,2021-11-12,89.22000122070312
SAN.PA,2021-11-13,89.50333404541016
SAN.PA,2021-11-14,89.78666687011719
SAN.PA,2021-11-15,90.06999969482422
SAN.PA,2021-11-16,90.16999816894533
SAN.PA,2021-11-17,90.5999984741211
SAN.PA,2021-11-18,88.2699966430664
SAN.PA,2021-11-19,88.9000015258789
SAN.PA,2021-11-20,89.05333455403645
SAN.PA,2021-11-21,89.20666758219402
SAN.PA,2021-11-22,89.36000061035156
SAN.PA,2021-11-23,88.37999725341797
SAN.PA,2021-11-24,87.30999755859375
SAN.PA,2021-11-25,86.6500015258789
SAN.PA,2021-11-26,85.01000213623047
SAN.PA,2021-11-27,85.21000162760417
SAN.PA,2021-11-28,85.41000111897786
SAN.PA,2021-11-29,85.61000061035156
SAN.PA,2021-11-30,83.86000061035156
SAN.PA,2021-12-01,85.83999633789062
SAN.PA,2021-12-02,84.19000244140625
SAN.PA,2021-12-03,83.7699966430664
SAN.PA,2021-12-04,83.9633305867513
SAN.PA,2021-12-05,84.1566645304362
SAN.PA,2021-12-06,84.3499984741211
SAN.PA,2021-12-07,85.36000061035156
SAN.PA,2021-12-08,84.5999984741211
SAN.PA,2021-12-09,84.08999633789062
SAN.PA,2021-12-10,86.52999877929688
SAN.PA,2021-12-11,86.5
SAN.PA,2021-12-12,86.47000122070312
SAN.PA,2021-12-13,86.44000244140625
SAN.PA,2021-12-14,85.4800033569336
SAN.PA,2021-12-15,86.70999908447266
SAN.PA,2021-12-16,87.12999725341797
SAN.PA,2021-12-17,86.88999938964844
SAN.PA,2021-12-18,86.8933334350586
SAN.PA,2021-12-19,86.89666748046875
SAN.PA,2021-12-20,86.9000015258789
SAN.PA,2021-12-21,87.68000030517578
SAN.PA,2021-12-22,87.86000061035156
SAN.PA,2021-12-23,88.16000366210938
SAN.PA,2021-12-24,87.86000061035156
SAN.PA,2021-12-25,88.09666697184245
SAN.PA,2021-12-26,88.33333333333333
SAN.PA,2021-12-27,88.56999969482422
SAN.PA,2021-12-28,88.87999725341797
SAN.PA,2021-12-29,88.80000305175781
SAN.PA,2021-12-30,89.12999725341797
SAN.PA,2021-12-31,88.58000183105469
SAN.PA,2022-01-01,88.83000183105469
SAN.PA,2022-01-02,89.08000183105469
SAN.PA,2022-01-03,89.33000183105469
SAN.PA,2022-01-04,88.06999969482422
SAN.PA,2022-01-05,88.2699966430664
SAN.PA,2022-01-06,88.13999938964844
SAN.PA,2022-01-07,88.5999984741211
SAN.PA,2022-01-08,88.68333180745442
SAN.PA,2022-01-09,88.76666514078777
SAN.PA,2022-01-10,88.8499984741211
SAN.PA,2022-01-11,90.0
SAN.PA,2022-01-12,89.95999908447266
SAN.PA,2022-01-13,88.91999816894531
SAN.PA,2022-01-14,90.62000274658205
SAN.PA,2022-01-15,91.14666748046876
SAN.PA,2022-01-16,91.67333221435548
SAN.PA,2022-01-17,92.1999969482422
SAN.PA,2022-01-18,92.05999755859376
SAN.PA,2022-01-19,91.7300033569336
SAN.PA,2022-01-20,92.91999816894533
SAN.PA,2022-01-21,90.94000244140624
SAN.PA,2022-01-22,90.13333384195964
SAN.PA,2022-01-23,89.32666524251302
SAN.PA,2022-01-24,88.5199966430664
SAN.PA,2022-01-25,90.25
SAN.PA,2022-01-26,91.94000244140624
SAN.PA,2022-01-27,94.88999938964844
SAN.PA,2022-01-28,94.26000213623048
SAN.PA,2022-01-29,93.75666809082033
SAN.PA,2022-01-30,93.25333404541016
TIT.MI,2021-04-08,0.4453000128269195
TIT.MI,2021-04-09,0.4338999986648559
TIT.MI,2021-04-10,0.4352333347002665
TIT.MI,2021-04-11,0.436566670735677
TIT.MI,2021-04-12,0.4379000067710876
TIT.MI,2021-04-13,0.4357999861240387
TIT.MI,2021-04-14,0.4422999918460846
TIT.MI,2021-04-15,0.4395999908447265
TIT.MI,2021-04-16,0.445499986410141
TIT.MI,2021-04-17,0.4443999926249186
TIT.MI,2021-04-18,0.4432999988396962
TIT.MI,2021-04-19,0.4422000050544739
TIT.MI,2021-04-20,0.4307000041007995
TIT.MI,2021-04-21,0.4368999898433685
TIT.MI,2021-04-22,0.4379999935626983
TIT.MI,2021-04-23,0.4390000104904175
TIT.MI,2021-04-24,0.4388333360354105
TIT.MI,2021-04-25,0.4386666615804036
TIT.MI,2021-04-26,0.4384999871253967
TIT.MI,2021-04-27,0.4424000084400177
TIT.MI,2021-04-28,0.4449000060558319
TIT.MI,2021-04-29,0.4390999972820282
TIT.MI,2021-04-30,0.4562999904155731
TIT.MI,2021-05-01,0.4564333260059356
TIT.MI,2021-05-02,0.4565666615962981
TIT.MI,2021-05-03,0.4566999971866607
TIT.MI,2021-05-04,0.4483000040054321
TIT.MI,2021-05-05,0.4456000030040741
TIT.MI,2021-05-06,0.4210000038146972
TIT.MI,2021-05-07,0.4183000028133392
TIT.MI,2021-05-08,0.4213000039259592
TIT.MI,2021-05-09,0.4243000050385792
TIT.MI,2021-05-10,0.4273000061511993
TIT.MI,2021-05-11,0.427700012922287
TIT.MI,2021-05-12,0.4338999986648559
TIT.MI,2021-05-13,0.4298999905586242
TIT.MI,2021-05-14,0.4361000061035156
TIT.MI,2021-05-15,0.4385666747887929
TIT.MI,2021-05-16,0.4410333434740702
TIT.MI,2021-05-17,0.4435000121593475
TIT.MI,2021-05-18,0.4386000037193298
TIT.MI,2021-05-19,0.4345999956130981
TIT.MI,2021-05-20,0.4336999952793121
TIT.MI,2021-05-21,0.4415000081062317
TIT.MI,2021-05-22,0.4416000048319498
TIT.MI,2021-05-23,0.441700001557668
TIT.MI,2021-05-24,0.4417999982833862
TIT.MI,2021-05-25,0.4352000057697296
TIT.MI,2021-05-26,0.4386000037193298
TIT.MI,2021-05-27,0.4417999982833862
TIT.MI,2021-05-28,0.4397000074386596
TIT.MI,2021-05-29,0.4393333395322163
TIT.MI,2021-05-30,0.4389666716257731
TIT.MI,2021-05-31,0.4386000037193298
TIT.MI,2021-06-01,0.4399999976158142
TIT.MI,2021-06-02,0.4429999887943268
TIT.MI,2021-06-03,0.444599986076355
TIT.MI,2021-06-04,0.4465000033378601
TIT.MI,2021-06-05,0.4489666720231374
TIT.MI,2021-06-06,0.4514333407084147
TIT.MI,2021-06-07,0.453900009393692
TIT.MI,2021-06-08,0.4577000141143799
TIT.MI,2021-06-09,0.4539999961853027
TIT.MI,2021-06-10,0.4528999924659729
TIT.MI,2021-06-11,0.4514999985694885
TIT.MI,2021-06-12,0.4509999950726827
TIT.MI,2021-06-13,0.4504999915758768
TIT.MI,2021-06-14,0.449999988079071
TIT.MI,2021-06-15,0.4460000097751617
TIT.MI,2021-06-16,0.4449000060558319
TIT.MI,2021-06-17,0.4449000060558319
TIT.MI,2021-06-18,0.4363999962806701
TIT.MI,2021-06-19,0.4362333317597707
TIT.MI,2021-06-20,0.4360666672388712
TIT.MI,2021-06-21,0.4359000027179718
TIT.MI,2021-06-22,0.4300000071525574
TIT.MI,2021-06-23,0.4255000054836273
TIT.MI,2021-06-24,0.4212000072002411
TIT.MI,2021-06-25,0.4216000139713287
TIT.MI,2021-06-26,0.419400006532669
TIT.MI,2021-06-27,0.4171999990940093
TIT.MI,2021-06-28,0.4149999916553497
TIT.MI,2021-06-29,0.4187000095844269
TIT.MI,2021-06-30,0.4189000129699707
TIT.MI,2021-07-01,0.4212999939918518
TIT.MI,2021-07-02,0.4244999885559082
TIT.MI,2021-07-03,0.4241333305835724
TIT.MI,2021-07-04,0.4237666726112365
TIT.MI,2021-07-05,0.4234000146389007
TIT.MI,2021-07-06,0.4099000096321106
TIT.MI,2021-07-07,0.4022000133991241
TIT.MI,2021-07-08,0.3860999941825866
TIT.MI,2021-07-09,0.391400009393692
TIT.MI,2021-07-10,0.392000009616216
TIT.MI,2021-07-11,0.39260000983874
TIT.MI,2021-07-12,0.393200010061264
TIT.MI,2021-07-13,0.3903000056743622
TIT.MI,2021-07-14,0.3935000002384186
TIT.MI,2021-07-15,0.3871999979019165
TIT.MI,2021-07-16,0.3880999982357025
TIT.MI,2021-07-17,0.38250000278155
TIT.MI,2021-07-18,0.3769000073273976
TIT.MI,2021-07-19,0.3713000118732452
TIT.MI,2021-07-20,0.3691000044345855
TIT.MI,2021-07-21,0.3743000030517578
TIT.MI,2021-07-22,0.3745999932289123
TIT.MI,2021-07-23,0.3716999888420105
TIT.MI,2021-07-24,0.3720666567484537
TIT.MI,2021-07-25,0.372433324654897
TIT.MI,2021-07-26,0.3727999925613403
TIT.MI,2021-07-27,0.3695000112056732
TIT.MI,2021-07-28,0.3705999851226806
TIT.MI,2021-07-29,0.3707999885082245
TIT.MI,2021-07-30,0.3709000051021576
TIT.MI,2021-07-31,0.3729666670163472
TIT.MI,2021-08-01,0.3750333289305368
TIT.MI,2021-08-02,0.3770999908447265
TIT.MI,2021-08-03,0.3729999959468841
TIT.MI,2021-08-04,0.3745000064373016
TIT.MI,2021-08-05,0.3758000135421753
TIT.MI,2021-08-06,0.3811999857425689
TIT.MI,2021-08-07,0.3816999892393747
TIT.MI,2021-08-08,0.3821999927361805
TIT.MI,2021-08-09,0.3826999962329864
TIT.MI,2021-08-10,0.3826000094413757
TIT.MI,2021-08-11,0.3948000073432922
TIT.MI,2021-08-12,0.391400009393692
TIT.MI,2021-08-13,0.3912000060081482
TIT.MI,2021-08-14,0.3900333344936371
TIT.MI,2021-08-15,0.3888666629791259
TIT.MI,2021-08-16,0.3876999914646148
TIT.MI,2021-08-17,0.3842000067234039
TIT.MI,2021-08-18,0.3851999938488006
TIT.MI,2021-08-19,0.3822999894618988
TIT.MI,2021-08-20,0.3801000118255615
TIT.MI,2021-08-21,0.381466676791509
TIT.MI,2021-08-22,0.3828333417574564
TIT.MI,2021-08-23,0.3842000067234039
TIT.MI,2021-08-24,0.3844999969005584
TIT.MI,2021-08-25,0.3826999962329864
TIT.MI,2021-08-26,0.3831000030040741
TIT.MI,2021-08-27,0.3828999996185303
TIT.MI,2021-08-28,0.3828666706879933
TIT.MI,2021-08-29,0.3828333417574564
TIT.MI,2021-08-30,0.3828000128269195
TIT.MI,2021-08-31,0.3833000063896179
TIT.MI,2021-09-01,0.3813000023365021
TIT.MI,2021-09-02,0.375900000333786
TIT.MI,2021-09-03,0.3698000013828277
TIT.MI,2021-09-04,0.3708666662375132
TIT.MI,2021-09-05,0.3719333310921986
TIT.MI,2021-09-06,0.3729999959468841
TIT.MI,2021-09-07,0.3704999983310699
TIT.MI,2021-09-08,0.3716999888420105
TIT.MI,2021-09-09,0.3693000078201294
TIT.MI,2021-09-10,0.3578999936580658
TIT.MI,2021-09-11,0.3599333266417185
TIT.MI,2021-09-12,0.3619666596253713
TIT.MI,2021-09-13,0.363999992609024
TIT.MI,2021-09-14,0.3576000034809112
TIT.MI,2021-09-15,0.3567999899387359
TIT.MI,2021-09-16,0.3556999862194061
TIT.MI,2021-09-17,0.3607000112533569
TIT.MI,2021-09-18,0.3591000040372212
TIT.MI,2021-09-19,0.3574999968210856
TIT.MI,2021-09-20,0.3558999896049499
TIT.MI,2021-09-21,0.3506999909877777
TIT.MI,2021-09-22,0.3531999886035919
TIT.MI,2021-09-23,0.354200005531311
TIT.MI,2021-09-24,0.3513999879360199
TIT.MI,2021-09-25,0.354966660340627
TIT.MI,2021-09-26,0.3585333327452342
TIT.MI,2021-09-27,0.3621000051498413
TIT.MI,2021-09-28,0.3556999862194061
TIT.MI,2021-09-29,0.3458000123500824
TIT.MI,2021-09-30,0.3393999934196472
TIT.MI,2021-10-01,0.3377000093460083
TIT.MI,2021-10-02,0.338833341995875
TIT.MI,2021-10-03,0.3399666746457417
TIT.MI,2021-10-04,0.3411000072956085
TIT.MI,2021-10-05,0.3427999913692474
TIT.MI,2021-10-06,0.3375999927520752
TIT.MI,2021-10-07,0.3407000005245209
TIT.MI,2021-10-08,0.3433000147342682
TIT.MI,2021-10-09,0.3410666783650716
TIT.MI,2021-10-10,0.338833341995875
TIT.MI,2021-10-11,0.3366000056266784
TIT.MI,2021-10-12,0.3400000035762787
TIT.MI,2021-10-13,0.3395000100135803
TIT.MI,2021-10-14,0.340499997138977
TIT.MI,2021-10-15,0.336899995803833
TIT.MI,2021-10-16,0.3358666598796844
TIT.MI,2021-10-17,0.3348333239555358
TIT.MI,2021-10-18,0.3337999880313873
TIT.MI,2021-10-19,0.329800009727478
TIT.MI,2021-10-20,0.3366999924182892
TIT.MI,2021-10-21,0.3319000005722046
TIT.MI,2021-10-22,0.3305000066757202
TIT.MI,2021-10-23,0.3324000040690104
TIT.MI,2021-10-24,0.3343000014623006
TIT.MI,2021-10-25,0.3361999988555908
TIT.MI,2021-10-26,0.3398000001907348
TIT.MI,2021-10-27,0.3366000056266784
TIT.MI,2021-10-28,0.3174999952316284
TIT.MI,2021-10-29,0.3080999851226806
TIT.MI,2021-10-30,0.3087999920050303
TIT.MI,2021-10-31,0.3094999988873799
TIT.MI,2021-11-01,0.3102000057697296
TIT.MI,2021-11-02,0.3064000010490417
TIT.MI,2021-11-03,0.3116999864578247
TIT.MI,2021-11-04,0.3257000148296356
TIT.MI,2021-11-05,0.3411999940872192
TIT.MI,2021-11-06,0.3386666675408681
TIT.MI,2021-11-07,0.3361333409945169
TIT.MI,2021-11-08,0.3336000144481659
TIT.MI,2021-11-09,0.3289999961853027
TIT.MI,2021-11-10,0.3345000147819519
TIT.MI,2021-11-11,0.3310999870300293
TIT.MI,2021-11-12,0.3237999975681305
TIT.MI,2021-11-13,0.3270999987920125
TIT.MI,2021-11-14,0.3304000000158946
TIT.MI,2021-11-15,0.3337000012397766
TIT.MI,2021-11-16,0.3379999995231628
TIT.MI,2021-11-17,0.3386000096797943
TIT.MI,2021-11-18,0.3343000113964081
TIT.MI,2021-11-19,0.3465000092983246
TIT.MI,2021-11-20,0.3814333379268646
TIT.MI,2021-11-21,0.4163666665554046
TIT.MI,2021-11-22,0.4512999951839447
TIT.MI,2021-11-23,0.4300000071525574
TIT.MI,2021-11-24,0.4972000122070312
TIT.MI,2021-11-25,0.4839999973773956
TIT.MI,2021-11-26,0.4805000126361847
TIT.MI,2021-11-27,0.4773666759332021
TIT.MI,2021-11-28,0.4742333392302195
TIT.MI,2021-11-29,0.4711000025272369
TIT.MI,2021-11-30,0.4600000083446502
TIT.MI,2021-12-01,0.4657000005245209
TIT.MI,2021-12-02,0.4749999940395355
TIT.MI,2021-12-03,0.4643999934196472
TIT.MI,2021-12-04,0.4622666637102763
TIT.MI,2021-12-05,0.4601333340009053
TIT.MI,2021-12-06,0.4580000042915344
TIT.MI,2021-12-07,0.4514000117778778
TIT.MI,2021-12-08,0.4573000073432922
TIT.MI,2021-12-09,0.4415000081062317
TIT.MI,2021-12-10,0.4410000145435333
TIT.MI,2021-12-11,0.4407000144322713
TIT.MI,2021-12-12,0.4404000143210093
TIT.MI,2021-12-13,0.4401000142097473
TIT.MI,2021-12-14,0.4422000050544739
TIT.MI,2021-12-15,0.4431999921798706
TIT.MI,2021-12-16,0.4390999972820282
TIT.MI,2021-12-17,0.4397999942302704
TIT.MI,2021-12-18,0.4373333255449931
TIT.MI,2021-12-19,0.4348666568597157
TIT.MI,2021-12-20,0.4323999881744385
TIT.MI,2021-12-21,0.4347000122070312
TIT.MI,2021-12-22,0.4427999854087829
TIT.MI,2021-12-23,0.4372999966144562
TIT.MI,2021-12-24,0.4368999972939491
TIT.MI,2021-12-25,0.4364999979734421
TIT.MI,2021-12-26,0.436099998652935
TIT.MI,2021-12-27,0.435699999332428
TIT.MI,2021-12-28,0.4354000091552734
TIT.MI,2021-12-29,0.4341999888420105
TIT.MI,2021-12-30,0.4341999888420105
TIT.MI,2021-12-31,0.4379249885678291
TIT.MI,2022-01-01,0.4416499882936477
TIT.MI,2022-01-02,0.4453749880194663
TIT.MI,2022-01-03,0.449099987745285
TIT.MI,2022-01-04,0.4449000060558319
TIT.MI,2022-01-05,0.4569000005722046
TIT.MI,2022-01-06,0.451799988746643
TIT.MI,2022-01-07,0.4544999897480011
TIT.MI,2022-01-08,0.4528333246707916
TIT.MI,2022-01-09,0.4511666595935821
TIT.MI,2022-01-10,0.4494999945163727
TIT.MI,2022-01-11,0.4523999989032745
TIT.MI,2022-01-12,0.4514999985694885
TIT.MI,2022-01-13,0.448199987411499
TIT.MI,2022-01-14,0.4512999951839447
TIT.MI,2022-01-15,0.4466000000635782
TIT.MI,2022-01-16,0.4419000049432118
TIT.MI,2022-01-17,0.4372000098228454
TIT.MI,2022-01-18,0.4232000112533569
TIT.MI,2022-01-19,0.4104000031948089
TIT.MI,2022-01-20,0.4241000115871429
TIT.MI,2022-01-21,0.4192999899387359
TIT.MI,2022-01-22,0.4158333241939544
TIT.MI,2022-01-23,0.412366658449173
TIT.MI,2022-01-24,0.4088999927043915
TIT.MI,2022-01-25,0.4072999954223633
TIT.MI,2022-01-26,0.4095999896526336
TIT.MI,2022-01-27,0.4081000089645386
TIT.MI,2022-01-28,0.4068999886512756
TIT.MI,2022-01-29,0.4099999964237212
TIT.MI,2022-01-30,0.4131000041961669
